Workbook

Sheet Comments
A1: PLEASE NOTICE: The information in this spreadsheet could be revised and improved as new sources of information become available. To get the latest version of the spreadsheet, please contact M. Lucrecia Pettinari at mlucrecia.pettinari@uah.es
A3: CHANGES FROM PREVIOUS VERSION
A4: Version 1.1 | B4: Error detected in the convernsion factors from English to Metric units. Errors detected in some references. Solution:
A5: 1 | B5: The parameters W_1h, W_10h, W_100h and W_1000h loads in the Fuelbeds_metric sheet were corrected, because the previous version had used the wrong facto to convert from English units
A6: 2 | B6: Several references were corrected in the References sheet:
C7: 5091a, 5091b, 5091c, 8091a, 8091b
C8: 8091a, 8091b, 4092a, 4092b, 4092c, 4112a, 4112b, 4102, 4122a, 4122b, 5092a, 5092b, 5112, 5122, 6092a, 6092b, 6092c, 6102a, 6102b, 6112a, 6112b, 6122a, 6122b, 8092a, 8092b, 8112, 8122, 11092a, 11092b, 11102, 11112, 11122
C9: 5100a, 5100b, 5100c, 5110a, 5110b, 5120, 8100a, 8100b, 8110b, 5020, 5022, 5030, 5032, 5033, 5035
C10: 4100a, 4100b, 4100c, 4110a, 4110b, 4120a, 4120b
C11: 8030, 8032, 8033, 8035, 8038, 8039
C12: 4040a, 4040b, 4040c, 4061a, 4061b, 4061c, 5040, 5061a, 5061b, 5061c, 8040, 8061a, 8061b, 4020, 4030a, 4030b, 4021, 4031a, 4031b, 4022, 4032, 4023, 4033, 4027, 4037, 4028
A14: Version 1.2 | B14: Update of codes for Canopy Ladder Type used in FCCS
A15: 1 | B15: The codes for the Canopy Ladder Type parameter (T_LadderType) have been updated in the sheet "Definitions"
A16: 2 | B16: These codes have also been updated in column "T_LadderType" (column X) in the sheets "Fuelbeds_metric" and "Fuelbeds_english".
A21: COMMENTS ON THE TABLE
A22: The pages included in this file are:
B23: 1. Comments: this page, that includes important information to understand the data.
B24: 2. Definitions: Definition of each fuelbed variable, units and conversion factors.
B25: 3. Fuelbeds_metric: It contains all the fuelbeds, with their assigned variables, and with metric units.
B26: 4. Fuelbeds_english: It contains the same information on the fuelbeds than the previous page, but in English units, as it is the format required to input the data in FCCS.
B27: 5. References: Origin of the data used for or the variables assigned to each fuelbed
A29: Assumptions:
A30: FCCS includes several parameters within each fuelbed, that due to the generalization of the characteristics of the fuelbeds were left blank or assigned default values.
A31: These are:
A32: - Canopy:
B33: 1. Only Overstory and Midstory data were input, understory was left blank.
B34: 4. No Snag data were input.
A35: - Shrubs:
B36: 1. Only Primary Layer data were input, the secondary layer was left blank.
B37: 2. The "Is needle drape sufficient to affect fire behavior" option was set to NO by default.
A38: - Nonwoody fuels:
B39: 1. Only Primary Layer data were input, the secondary layer was left blank.
A40: - Woody fuels:
B41: 1. The "9-20 inches diameter" (10_000hrload) and "> 20 inches diameter" (>10_000hrload) woody fuels were left blank.
B42: 2. Rotten woody fuels, stump fuels and piles were left blank.
A43: - Ground fuels:
B44: 1. Basal Accumulation and Squirrel Middens are set as not present

Sheet Definitions
A1: Definition of each column in the following pages.
A3: VARIABLE | B3: DEFINITION | C3: UNITS IN METRIC SYSTEM | D3: UNITS IN ENGLISH SYSTEM | G3: Conversion factors
A4: N | B4: Correlative number for the purpose of ordering the data
A5: FUELBED | B5: Number of the Fuelbed | G5: 1 ft = 0.3048 m
A6: JOIN_VALUE | B6: Number of each fuelbed used to join the data to the Fuelbed Map | G6: 1 #/acre = 2.471 #/ha | H6: (1 acre = 0.4047 ha)
A7: Biome | B7: Corresponding Olson Biome | G7: 1 in = 2.54 cm
A8: LandCover | B8: Corresponding GlobCover landcover | G8: 1 T/acre = 2.242 Mg/ha | H8: (T=ton: US short ton, 0,907 Mg)
A9: Tree Cover | B9: Total percent cover of the tree stratum | C9: % | D9: %
A10: TO_Cover | B10: Overstory tree stratum percent cover | C10: % | D10: %
A11: TO_Density | B11: Overstory tree density | C11: #/ha | D11: #/acre
A12: TO_Height | B12: Overstory tree height | C12: m | D12: ft
A13: TO_HLC | B13: Overstory height to live crown | C13: m | D13: ft
A14: TO_DBH | B14: Overstory diameter at breast height | C14: cm | D14: in
A15: TO_SppNum | B15: Overstory species number (from the Inferred Variables Database inside FCCS v3.0)
A16: TO_SppName | B16: Overstory species name (from the Inferred Variables Database inside FCCS v3.0)
A17: TO_RelCover | B17: Overstory species relative cover | C17: % | D17: %
A18: TM_Cover | B18: Midstory tree stratum percent cover | C18: % | D18: %
A19: TM_Density | B19: Midstory tree density | C19: #/ha | D19: #/acre
A20: TM_Height | B20: Midstory tree height | C20: m | D20: ft
A21: TM_HLC | B21: Midstory height to live crown | C21: m | D21: ft
A22: TM_DBH | B22: Midstory diameter at breast height | C22: cm | D22: in
A23: TM_SppNum | B23: Midstory species number (from the Inferred Variables Database inside FCCS v3.0)
A24: TM_SppName | B24: Midstory species name (from the Inferred Variables Database inside FCCS v3.0)
A25: TM_RelCover | B25: Midstory species relative cover | C25: % | D25: %
A26: T_Ladder | B26: Ladder fuel presence (see below for possible values)
A27: T_LadderType | B27: Ladder fuel type (see below for possible values)
A28: Shrub Cover | B28: Primary shrub, percent cover | C28: % | D28: %
A29: S_Height | B29: Primary shrub, height | C29: m | D29: ft
A30: S_Live | B30: Primary shrub, percent live | C30: % | D30: %
A31: S_SppNum | B31: Primary shrub, species number (from the Inferred Variables Database inside FCCS v3.0)
A32: S_SppName | B32: Primary shrub, species name (from the Inferred Variables Database inside FCCS v3.0)
A33: S_RelCover | B33: Primary shrub species relative cover | C33: % | D33: %
A34: Grass Cover | B34: Primary nonwoody, percent cover | C34: % | D34: %
A35: G_height | B35: Primary nonwoody, height | C35: m | D35: ft
A36: G_live | B36: Primary nonwoody, percent live | C36: % | D36: %
A37: G_Load | B37: Primary nonwoody load | C37: Mg/ha | D37: ton/acre
A38: G_SppNum | B38: Primary nonwoody, species number (from the Inferred Variables Database inside FCCS v3.0)
A39: G_SppName | B39: Primary nonwoody, species name (from the Inferred Variables Database inside FCCS v3.0)
A40: G_RelCov | B40: Primary nonwoody species relative cover | C40: % | D40: %
A41: Woody Cover | B41: All downed wood, percent cover | C41: % | D41: %
A42: W_depth | B42: All downed wood, depth | C42: cm | D42: in
A43: W_1hLoad | B43: Sound wood, 1hr load | C43: Mg/ha | D43: ton/acre
A44: W_10h Load | B44: Sound wood, 10hr load | C44: Mg/ha | D44: ton/acre
A45: W_100h Load | B45: Sound wood, 100hr load | C45: Mg/ha | D45: ton/acre
A46: W_1000h Load | B46: Sound wood, 1000hr load | C46: Mg/ha | D46: ton/acre
A47: W_SppNum | B47: Sound wood, species number (from the Inferred Variables Database inside FCCS v3.0)
A48: W_SppName | B48: Sound wood, species name (from the Inferred Variables Database inside FCCS v3.0)
A49: W_RelCov | B49: Sound wood, species relative cover | C49: % | D49: %
A50: Lichen_Cover | B50: Lichen, percent cover | C50: % | D50: %
A51: Lichen_Depth | B51: Lichen depth | C51: cm | D51: in
A52: Moss_Type | B52: Moss type (see below for possible values)
A53: Moss_Cover | B53: Moss, percent cover | C53: % | D53: %
A54: Moss_Depth | B54: Moss depth | C54: cm | D54: in
A55: Litter_Arr | B55: Litter arrangement (see below for possible values)
A56: Litter_Cover | B56: Litter, percent cover | C56: % | D56: %
A57: L_depth | B57: Litter depth | C57: cm | D57: in
A58: L_SNP_RelCov | B58: Litter, short needle pine, relative cover | C58: % | D58: %
A59: L_LNP_RelCov | B59: Litter, long needle pine, relative cover | C59: % | D59: %
A60: L_OC_RelCov | B60: Litter, other conifer, relative cover | C60: % | D60: %
A61: L_BD_RelCov | B61: Litter, broadleaf deciduous, relative cover | C61: % | D61: %
A62: L_BE_RelCov | B62: Litter, broadleaf evergreen, relative cover | C62: % | D62: %
A63: L_PF_RelCov | B63: Litter, palm frond, relative cover | C63: % | D63: %
A64: L_G_RelCov | B64: Litter, grass, relative cover | C64: % | D64: %
A65: DU_Type | B65: Upper duff layer type (see below for possible values)
A66: DU_cover | B66: Upper duff layer, percent cover | C66: % | D66: %
A67: DU_Depth | B67: Upper duff layer, depth | C67: cm | D67: in
A68: DL_Type | B68: Lower duff layer type (see below for possible values)
A69: DL_cover | B69: Lower duff layer, percent cover | C69: % | D69: %
A70: DL_Depth | B70: Lower duff layer, depth | C70: cm | D70: in
A74: When negative values appear, they mean:
A75: -1 | B75: Not present
A76: -3 | B76: Not applicable
A78: Canopy vertical continuity
A79: T_Ladder | B79: Existence of ladder fuels
A80: 0 | B80: No
A81: 1 | B81: Yes
A83: Canopy ladder type
A84: T_LadderType | B84: Ladder fuel type
A85: 1 | B85: Arboreal lichens & moss
A86: 2 | B86: Dead branches
A87: 3 | B87: Climbing ferns & other epiphytes
A88: 4 | B88: Stringy or fuzzy bark
A89: 5 | B89: Vines - liana
A90: 6 | B90: Leaning snags
A91: 7 | B91: Tree regeneration
A93: Moss Type
A94: Moss_Type | B94: Moss Type
A95: 1 | B95: Sphagnum moss
A96: 2 | B96: Other moss (e.g. feathermoss)
A98: Litter Arrangement
A99: Litter_Arr | B99: Litter arrangement
A100: 1 | B100: Normal
A101: 2 | B101: Fluffy (freshly fallen)
A102: 3 | B102: Perched (on grass or forb)
A104: Duff Types
A105: DU_Type | B105: Upper duff derivation
A106: 1 | B106: Dead moss and litter
A107: 2 | B107: Fibric Peat
A109: DL_Type | B109: Lower duff derivation
A110: 1 | B110: Fully decomposed moss and litter
...

Sheet Fuelbeds_metric
A1: N | B1: FUELBED | C1: JOIN_VALUE | D1: Biome | E1: LandCover | F1: Tree Cover (%) | G1: TO_Cover (%) | H1: TO_Density (#/ha) | I1: TO_Height (m) | J1: TO_HLC (m) | K1: TO_DBH (cm) | L1: TO_SppNum | M1: TO_SppName | N1: TO_RelCover (%) | O1: TM_Cover (%) | P1: TM_Density (#/ha) | Q1: TM_Height (m) | R1: TM_HLC (m) | S1: TM_DBH (cm) | T1: TM_SppNum | U1: TM_SppName | V1: TM_RelCover (%) | W1: T_Ladder | X1: T_LadderType | Y1: Shrub Cover (%) | Z1: S_Height (m) | AA1: S_Live (%) | AB1: S_SppNum | AC1: S_SppName | AD1: S_RelCover (%) | AE1: Grass Cover (%) | AF1: G_height (m) | AG1: G_live (%) | AH1: G_Load (Mg/ha) | AI1: G_SppNum | AJ1: G_SppName | AK1: G_RelCov (%) | AL1: Woody Cover (%) | AM1: W_depth (cm) | AN1: W_1hLoad (Mg/ha) | AO1: W_10h Load (Mg/ha) | AP1: W_100h Load (Mg/ha) | AQ1: W_1000h Load (Mg/ha) | AR1: W_SppNum | AS1: W_SppName | AT1: W_RelCov (%) | AU1: Lichen_Cover (%) | AV1: Lichen_Depth (cm) | AW1: Moss_Type | AX1: Moss_Cover (%) | AY1: Moss_Depth (cm) | AZ1: Litter_Arr | BA1: Litter_Cover (%) | BB1: L_depth (cm) | BC1: L_SNP_RelCov (%) | BD1: L_LNP_RelCov (%) | BE1: L_OC_RelCov (%) | BF1: L_BD_RelCov (%) | BG1: L_BE_RelCov (%) | BH1: L_PF_RelCov (%) | BI1: L_G_RelCov (%) | BJ1: DU_Type | BK1: DU_cover (%) | BL1: DU_Depth (in) | BM1: DL_Type | BN1: DL_cover (%) | BO1: DL_Depth (in)
A2: 1 | B2: 1010 | C2: 1010 | D2: 1 - Trop/Sub Moist Broadleaf Forest | E2: 10 - Crops: wheat, barley, sorgum | F2: -3 | G2: -3 | H2: =+IF(F2>0,INT(Fuelbeds_english!H2*2.471),F2) -> -3 | I2: =+IF(F2>0,INT(Fuelbeds_english!I2*0.3048),F2) -> -3 | J2: =+IF(F2>0,INT(Fuelbeds_english!J2*0.3048),F2) -> -3 | K2: =+IF(F2>0,INT(Fuelbeds_english!K2*2.54),F2) -> -3 | L2: -3 | M2: -3 | N2: -3 | O2: -3 | P2: =+IF(O2>0,INT(Fuelbeds_english!P2*2.471),O2) -> -3 | Q2: =+IF(O2>0,INT(Fuelbeds_english!Q2*0.3048),O2) -> -3 | R2: =+IF(O2>0,INT(Fuelbeds_english!R2*0.3048),O2) -> -3 | S2: =+IF(O2>0,INT(Fuelbeds_english!S2*2.54),O2) -> -3 | T2: -3 | U2: -3 | V2: -3 | W2: -3 | X2: -3 | Y2: -3 | Z2: =+IF(Y2>0,FIXED(Fuelbeds_english!Z2*0.3048,1,0),Y2) -> -3 | AA2: -3 | AB2: -3 | AC2: -3 | AD2: -3 | AE2: 100 | AF2: =+IF(AE2>0,FIXED(Fuelbeds_english!AF2*0.3048,1,0),AE2) -> 0.2 | AG2: 0 | AH2: =+IF(AE2>0,FIXED(Fuelbeds_english!AH2*2.242,1,0),AE2) -> 0.4 | AI2: 42236 | AJ2: Triticum spp. | AK2: 100 | AL2: -3 | AM2: =+IF(AL2>0,FIXED(Fuelbeds_english!AM2*2.54,1,0),AL2) -> -3 | AN2: =+IF(AM2>0,FIXED(Fuelbeds_english!AN2*0.3048,1,0),AM2) -> -3 | AO2: =+IF(AN2>0,FIXED(Fuelbeds_english!AO2*0.3048,1,0),AN2) -> -3 | AP2: =+IF(AO2>0,FIXED(Fuelbeds_english!AP2*0.3048,1,0),AO2) -> -3 | AQ2: =+IF(AP2>0,FIXED(Fuelbeds_english!AQ2*0.3048,1,0),AP2) -> -3 | AR2: -3 | AS2: -3 | AT2: -3 | AU2: -1 | AV2: =+IF(AU2>0,FIXED(Fuelbeds_english!AV2*2.54,1,0),AU2) -> -1 | AW2: -1 | AX2: -1 | AY2: =+IF(AX2>0,FIXED(Fuelbeds_english!AY2*2.54,1,0),AX2) -> -1 | AZ2: 2 | BA2: 65 | BB2: =+IF(BA2>0,FIXED(Fuelbeds_english!BB2*2.54,1,0),BA2) -> 1.3 | BC2: -1 | BD2: -1 | BE2: -1 | BF2: -1 | BG2: -1 | BH2: -1 | BI2: 100 | BJ2: -1 | BK2: -1 | BL2: =+IF(BK2>0,FIXED(Fuelbeds_english!BL2*2.54,1,0),BK2) -> -1 | BM2: -1 | BN2: -1 | BO2: =+IF(BN2>0,FIXED(Fuelbeds_english!BO2*2.54,1,0),BN2) -> -1
A3: 2 | B3: 1011 | C3: 1011 | D3: 1 - Trop/Sub Moist Broadleaf Forest | E3: 11 - Crops: rice | F3: -3 | G3: -3 | H3: =+IF(F3>0,INT(Fuelbeds_english!H3*2.471),F3) -> -3 | I3: =+IF(F3>0,INT(Fuelbeds_english!I3*0.3048),F3) -> -3 | J3: =+IF(F3>0,INT(Fuelbeds_english!J3*0.3048),F3) -> -3 | K3: =+IF(F3>0,INT(Fuelbeds_english!K3*2.54),F3) -> -3 | L3: -3 | M3: -3 | N3: -3 | O3: -3 | P3: =+IF(O3>0,INT(Fuelbeds_english!P3*2.471),O3) -> -3 | Q3: =+IF(O3>0,INT(Fuelbeds_english!Q3*0.3048),O3) -> -3 | R3: =+IF(O3>0,INT(Fuelbeds_english!R3*0.3048),O3) -> -3 | S3: =+IF(O3>0,INT(Fuelbeds_english!S3*2.54),O3) -> -3 | T3: -3 | U3: -3 | V3: -3 | W3: -3 | X3: -3 | Y3: -3 | Z3: =+IF(Y3>0,FIXED(Fuelbeds_english!Z3*0.3048,1,0),Y3) -> -3 | AA3: -3 | AB3: -3 | AC3: -3 | AD3: -3 | AE3: 100 | AF3: =+IF(AE3>0,FIXED(Fuelbeds_english!AF3*0.3048,1,0),AE3) -> 0.2 | AG3: 0 | AH3: =+IF(AE3>0,FIXED(Fuelbeds_english!AH3*2.242,1,0),AE3) -> 2.9 | AI3: 41976 | AJ3: Oryza sativa | AK3: 100 | AL3: -3 | AM3: =+IF(AL3>0,FIXED(Fuelbeds_english!AM3*2.54,1,0),AL3) -> -3 | AN3: =+IF(AM3>0,FIXED(Fuelbeds_english!AN3*0.3048,1,0),AM3) -> -3 | AO3: =+IF(AN3>0,FIXED(Fuelbeds_english!AO3*0.3048,1,0),AN3) -> -3 | AP3: =+IF(AO3>0,FIXED(Fuelbeds_english!AP3*0.3048,1,0),AO3) -> -3 | AQ3: =+IF(AP3>0,FIXED(Fuelbeds_english!AQ3*0.3048,1,0),AP3) -> -3 | AR3: -3 | AS3: -3 | AT3: -3 | AU3: -1 | AV3: =+IF(AU3>0,FIXED(Fuelbeds_english!AV3*2.54,1,0),AU3) -> -1 | AW3: -1 | AX3: -1 | AY3: =+IF(AX3>0,FIXED(Fuelbeds_english!AY3*2.54,1,0),AX3) -> -1 | AZ3: 2 | BA3: 65 | BB3: =+IF(BA3>0,FIXED(Fuelbeds_english!BB3*2.54,1,0),BA3) -> 1.3 | BC3: -1 | BD3: -1 | BE3: -1 | BF3: -1 | BG3: -1 | BH3: -1 | BI3: 100 | BJ3: -1 | BK3: -1 | BL3: =+IF(BK3>0,FIXED(Fuelbeds_english!BL3*2.54,1,0),BK3) -> -1 | BM3: -1 | BN3: -1 | BO3: =+IF(BN3>0,FIXED(Fuelbeds_english!BO3*2.54,1,0),BN3) -> -1
A4: 3 | B4: 1012 | C4: 1012 | D4: 1 - Trop/Sub Moist Broadleaf Forest | E4: 12 - Crops: maize | F4: -3 | G4: -3 | H4: =+IF(F4>0,INT(Fuelbeds_english!H4*2.471),F4) -> -3 | I4: =+IF(F4>0,INT(Fuelbeds_english!I4*0.3048),F4) -> -3 | J4: =+IF(F4>0,INT(Fuelbeds_english!J4*0.3048),F4) -> -3 | K4: =+IF(F4>0,INT(Fuelbeds_english!K4*2.54),F4) -> -3 | L4: -3 | M4: -3 | N4: -3 | O4: -3 | P4: =+IF(O4>0,INT(Fuelbeds_english!P4*2.471),O4) -> -3 | Q4: =+IF(O4>0,INT(Fuelbeds_english!Q4*0.3048),O4) -> -3 | R4: =+IF(O4>0,INT(Fuelbeds_english!R4*0.3048),O4) -> -3 | S4: =+IF(O4>0,INT(Fuelbeds_english!S4*2.54),O4) -> -3 | T4: -3 | U4: -3 | V4: -3 | W4: -3 | X4: -3 | Y4: -3 | Z4: =+IF(Y4>0,FIXED(Fuelbeds_english!Z4*0.3048,1,0),Y4) -> -3 | AA4: -3 | AB4: -3 | AC4: -3 | AD4: -3 | AE4: 100 | AF4: =+IF(AE4>0,FIXED(Fuelbeds_english!AF4*0.3048,1,0),AE4) -> 0.2 | AG4: 0 | AH4: =+IF(AE4>0,FIXED(Fuelbeds_english!AH4*2.242,1,0),AE4) -> 1.1 | AI4: 42269 | AJ4: Zea mays | AK4: 100 | AL4: -3 | AM4: =+IF(AL4>0,FIXED(Fuelbeds_english!AM4*2.54,1,0),AL4) -> -3 | AN4: =+IF(AM4>0,FIXED(Fuelbeds_english!AN4*0.3048,1,0),AM4) -> -3 | AO4: =+IF(AN4>0,FIXED(Fuelbeds_english!AO4*0.3048,1,0),AN4) -> -3 | AP4: =+IF(AO4>0,FIXED(Fuelbeds_english!AP4*0.3048,1,0),AO4) -> -3 | AQ4: =+IF(AP4>0,FIXED(Fuelbeds_english!AQ4*0.3048,1,0),AP4) -> -3 | AR4: -3 | AS4: -3 | AT4: -3 | AU4: -1 | AV4: =+IF(AU4>0,FIXED(Fuelbeds_english!AV4*2.54,1,0),AU4) -> -1 | AW4: -1 | AX4: -1 | AY4: =+IF(AX4>0,FIXED(Fuelbeds_english!AY4*2.54,1,0),AX4) -> -1 | AZ4: 2 | BA4: 65 | BB4: =+IF(BA4>0,FIXED(Fuelbeds_english!BB4*2.54,1,0),BA4) -> 1.3 | BC4: -1 | BD4: -1 | BE4: -1 | BF4: -1 | BG4: -1 | BH4: -1 | BI4: 100 | BJ4: -1 | BK4: -1 | BL4: =+IF(BK4>0,FIXED(Fuelbeds_english!BL4*2.54,1,0),BK4) -> -1 | BM4: -1 | BN4: -1 | BO4: =+IF(BN4>0,FIXED(Fuelbeds_english!BO4*2.54,1,0),BN4) -> -1
A5: 4 | B5: 1013 | C5: 1013 | D5: 1 - Trop/Sub Moist Broadleaf Forest | E5: 13 - Crops: Soybean | F5: -3 | G5: -3 | H5: =+IF(F5>0,INT(Fuelbeds_english!H5*2.471),F5) -> -3 | I5: =+IF(F5>0,INT(Fuelbeds_english!I5*0.3048),F5) -> -3 | J5: =+IF(F5>0,INT(Fuelbeds_english!J5*0.3048),F5) -> -3 | K5: =+IF(F5>0,INT(Fuelbeds_english!K5*2.54),F5) -> -3 | L5: -3 | M5: -3 | N5: -3 | O5: -3 | P5: =+IF(O5>0,INT(Fuelbeds_english!P5*2.471),O5) -> -3 | Q5: =+IF(O5>0,INT(Fuelbeds_english!Q5*0.3048),O5) -> -3 | R5: =+IF(O5>0,INT(Fuelbeds_english!R5*0.3048),O5) -> -3 | S5: =+IF(O5>0,INT(Fuelbeds_english!S5*2.54),O5) -> -3 | T5: -3 | U5: -3 | V5: -3 | W5: -3 | X5: -3 | Y5: -3 | Z5: =+IF(Y5>0,FIXED(Fuelbeds_english!Z5*0.3048,1,0),Y5) -> -3 | AA5: -3 | AB5: -3 | AC5: -3 | AD5: -3 | AE5: 100 | AF5: =+IF(AE5>0,FIXED(Fuelbeds_english!AF5*0.3048,1,0),AE5) -> 0.2 | AG5: 0 | AH5: =+IF(AE5>0,FIXED(Fuelbeds_english!AH5*2.242,1,0),AE5) -> 0.4 | AI5: 26716 | AJ5: Glycine max | AK5: 100 | AL5: -3 | AM5: =+IF(AL5>0,FIXED(Fuelbeds_english!AM5*2.54,1,0),AL5) -> -3 | AN5: =+IF(AM5>0,FIXED(Fuelbeds_english!AN5*0.3048,1,0),AM5) -> -3 | AO5: =+IF(AN5>0,FIXED(Fuelbeds_english!AO5*0.3048,1,0),AN5) -> -3 | AP5: =+IF(AO5>0,FIXED(Fuelbeds_english!AP5*0.3048,1,0),AO5) -> -3 | AQ5: =+IF(AP5>0,FIXED(Fuelbeds_english!AQ5*0.3048,1,0),AP5) -> -3 | AR5: -3 | AS5: -3 | AT5: -3 | AU5: -1 | AV5: =+IF(AU5>0,FIXED(Fuelbeds_english!AV5*2.54,1,0),AU5) -> -1 | AW5: -1 | AX5: -1 | AY5: =+IF(AX5>0,FIXED(Fuelbeds_english!AY5*2.54,1,0),AX5) -> -1 | AZ5: 2 | BA5: 65 | BB5: =+IF(BA5>0,FIXED(Fuelbeds_english!BB5*2.54,1,0),BA5) -> 1.3 | BC5: -1 | BD5: -1 | BE5: -1 | BF5: -1 | BG5: -1 | BH5: -1 | BI5: 100 | BJ5: -1 | BK5: -1 | BL5: =+IF(BK5>0,FIXED(Fuelbeds_english!BL5*2.54,1,0),BK5) -> -1 | BM5: -1 | BN5: -1 | BO5: =+IF(BN5>0,FIXED(Fuelbeds_english!BO5*2.54,1,0),BN5) -> -1
A6: 5 | B6: 1016 | C6: 1016 | D6: 1 - Trop/Sub Moist Broadleaf Forest | E6: 16 - Crops: beans | F6: -3 | G6: -3 | H6: =+IF(F6>0,INT(Fuelbeds_english!H6*2.471),F6) -> -3 | I6: =+IF(F6>0,INT(Fuelbeds_english!I6*0.3048),F6) -> -3 | J6: =+IF(F6>0,INT(Fuelbeds_english!J6*0.3048),F6) -> -3 | K6: =+IF(F6>0,INT(Fuelbeds_english!K6*2.54),F6) -> -3 | L6: -3 | M6: -3 | N6: -3 | O6: -3 | P6: =+IF(O6>0,INT(Fuelbeds_english!P6*2.471),O6) -> -3 | Q6: =+IF(O6>0,INT(Fuelbeds_english!Q6*0.3048),O6) -> -3 | R6: =+IF(O6>0,INT(Fuelbeds_english!R6*0.3048),O6) -> -3 | S6: =+IF(O6>0,INT(Fuelbeds_english!S6*2.54),O6) -> -3 | T6: -3 | U6: -3 | V6: -3 | W6: -3 | X6: -3 | Y6: -3 | Z6: =+IF(Y6>0,FIXED(Fuelbeds_english!Z6*0.3048,1,0),Y6) -> -3 | AA6: -3 | AB6: -3 | AC6: -3 | AD6: -3 | AE6: 100 | AF6: =+IF(AE6>0,FIXED(Fuelbeds_english!AF6*0.3048,1,0),AE6) -> 0.1 | AG6: 0 | AH6: =+IF(AE6>0,FIXED(Fuelbeds_english!AH6*2.242,1,0),AE6) -> 0.4 | AI6: 26857 | AJ6: Phaseolus vulgaris | AK6: 100 | AL6: -3 | AM6: =+IF(AL6>0,FIXED(Fuelbeds_english!AM6*2.54,1,0),AL6) -> -3 | AN6: =+IF(AM6>0,FIXED(Fuelbeds_english!AN6*0.3048,1,0),AM6) -> -3 | AO6: =+IF(AN6>0,FIXED(Fuelbeds_english!AO6*0.3048,1,0),AN6) -> -3 | AP6: =+IF(AO6>0,FIXED(Fuelbeds_english!AP6*0.3048,1,0),AO6) -> -3 | AQ6: =+IF(AP6>0,FIXED(Fuelbeds_english!AQ6*0.3048,1,0),AP6) -> -3 | AR6: -3 | AS6: -3 | AT6: -3 | AU6: -1 | AV6: =+IF(AU6>0,FIXED(Fuelbeds_english!AV6*2.54,1,0),AU6) -> -1 | AW6: -1 | AX6: -1 | AY6: =+IF(AX6>0,FIXED(Fuelbeds_english!AY6*2.54,1,0),AX6) -> -1 | AZ6: 2 | BA6: 65 | BB6: =+IF(BA6>0,FIXED(Fuelbeds_english!BB6*2.54,1,0),BA6) -> 1.3 | BC6: -1 | BD6: -1 | BE6: -1 | BF6: -1 | BG6: -1 | BH6: -1 | BI6: 100 | BJ6: -1 | BK6: -1 | BL6: =+IF(BK6>0,FIXED(Fuelbeds_english!BL6*2.54,1,0),BK6) -> -1 | BM6: -1 | BN6: -1 | BO6: =+IF(BN6>0,FIXED(Fuelbeds_english!BO6*2.54,1,0),BN6) -> -1
A7: 6 | B7: 1017 | C7: 1017 | D7: 1 - Trop/Sub Moist Broadleaf Forest | E7: 17 - Crops: tubers | F7: -3 | G7: -3 | H7: =+IF(F7>0,INT(Fuelbeds_english!H7*2.471),F7) -> -3 | I7: =+IF(F7>0,INT(Fuelbeds_english!I7*0.3048),F7) -> -3 | J7: =+IF(F7>0,INT(Fuelbeds_english!J7*0.3048),F7) -> -3 | K7: =+IF(F7>0,INT(Fuelbeds_english!K7*2.54),F7) -> -3 | L7: -3 | M7: -3 | N7: -3 | O7: -3 | P7: =+IF(O7>0,INT(Fuelbeds_english!P7*2.471),O7) -> -3 | Q7: =+IF(O7>0,INT(Fuelbeds_english!Q7*0.3048),O7) -> -3 | R7: =+IF(O7>0,INT(Fuelbeds_english!R7*0.3048),O7) -> -3 | S7: =+IF(O7>0,INT(Fuelbeds_english!S7*2.54),O7) -> -3 | T7: -3 | U7: -3 | V7: -3 | W7: -3 | X7: -3 | Y7: -3 | Z7: =+IF(Y7>0,FIXED(Fuelbeds_english!Z7*0.3048,1,0),Y7) -> -3 | AA7: -3 | AB7: -3 | AC7: -3 | AD7: -3 | AE7: 75 | AF7: =+IF(AE7>0,FIXED(Fuelbeds_english!AF7*0.3048,1,0),AE7) -> 0.0 | AG7: 0 | AH7: =+IF(AE7>0,FIXED(Fuelbeds_english!AH7*2.242,1,0),AE7) -> 0.0 | AI7: 505272 | AJ7: Solanum tuberosum | AK7: 100 | AL7: -3 | AM7: =+IF(AL7>0,FIXED(Fuelbeds_english!AM7*2.54,1,0),AL7) -> -3 | AN7: =+IF(AM7>0,FIXED(Fuelbeds_english!AN7*0.3048,1,0),AM7) -> -3 | AO7: =+IF(AN7>0,FIXED(Fuelbeds_english!AO7*0.3048,1,0),AN7) -> -3 | AP7: =+IF(AO7>0,FIXED(Fuelbeds_english!AP7*0.3048,1,0),AO7) -> -3 | AQ7: =+IF(AP7>0,FIXED(Fuelbeds_english!AQ7*0.3048,1,0),AP7) -> -3 | AR7: -3 | AS7: -3 | AT7: -3 | AU7: -1 | AV7: =+IF(AU7>0,FIXED(Fuelbeds_english!AV7*2.54,1,0),AU7) -> -1 | AW7: -1 | AX7: -1 | AY7: =+IF(AX7>0,FIXED(Fuelbeds_english!AY7*2.54,1,0),AX7) -> -1 | AZ7: 2 | BA7: 65 | BB7: =+IF(BA7>0,FIXED(Fuelbeds_english!BB7*2.54,1,0),BA7) -> 1.3 | BC7: -1 | BD7: -1 | BE7: -1 | BF7: -1 | BG7: -1 | BH7: -1 | BI7: 100 | BJ7: -1 | BK7: -1 | BL7: =+IF(BK7>0,FIXED(Fuelbeds_english!BL7*2.54,1,0),BK7) -> -1 | BM7: -1 | BN7: -1 | BO7: =+IF(BN7>0,FIXED(Fuelbeds_english!BO7*2.54,1,0),BN7) -> -1
A8: 7 | B8: 1018 | C8: 1018 | D8: 1 - Trop/Sub Moist Broadleaf Forest | E8: 18 - Crops: forage | F8: -3 | G8: -3 | H8: =+IF(F8>0,INT(Fuelbeds_english!H8*2.471),F8) -> -3 | I8: =+IF(F8>0,INT(Fuelbeds_english!I8*0.3048),F8) -> -3 | J8: =+IF(F8>0,INT(Fuelbeds_english!J8*0.3048),F8) -> -3 | K8: =+IF(F8>0,INT(Fuelbeds_english!K8*2.54),F8) -> -3 | L8: -3 | M8: -3 | N8: -3 | O8: -3 | P8: =+IF(O8>0,INT(Fuelbeds_english!P8*2.471),O8) -> -3 | Q8: =+IF(O8>0,INT(Fuelbeds_english!Q8*0.3048),O8) -> -3 | R8: =+IF(O8>0,INT(Fuelbeds_english!R8*0.3048),O8) -> -3 | S8: =+IF(O8>0,INT(Fuelbeds_english!S8*2.54),O8) -> -3 | T8: -3 | U8: -3 | V8: -3 | W8: -3 | X8: -3 | Y8: -3 | Z8: =+IF(Y8>0,FIXED(Fuelbeds_english!Z8*0.3048,1,0),Y8) -> -3 | AA8: -3 | AB8: -3 | AC8: -3 | AD8: -3 | AE8: 100 | AF8: =+IF(AE8>0,FIXED(Fuelbeds_english!AF8*0.3048,1,0),AE8) -> 0.2 | AG8: 0 | AH8: =+IF(AE8>0,FIXED(Fuelbeds_english!AH8*2.242,1,0),AE8) -> 2.7 | AI8: 41088 | AJ8: Poa pratensis | AK8: 100 | AL8: -3 | AM8: =+IF(AL8>0,FIXED(Fuelbeds_english!AM8*2.54,1,0),AL8) -> -3 | AN8: =+IF(AM8>0,FIXED(Fuelbeds_english!AN8*0.3048,1,0),AM8) -> -3 | AO8: =+IF(AN8>0,FIXED(Fuelbeds_english!AO8*0.3048,1,0),AN8) -> -3 | AP8: =+IF(AO8>0,FIXED(Fuelbeds_english!AP8*0.3048,1,0),AO8) -> -3 | AQ8: =+IF(AP8>0,FIXED(Fuelbeds_english!AQ8*0.3048,1,0),AP8) -> -3 | AR8: -3 | AS8: -3 | AT8: -3 | AU8: -1 | AV8: =+IF(AU8>0,FIXED(Fuelbeds_english!AV8*2.54,1,0),AU8) -> -1 | AW8: -1 | AX8: -1 | AY8: =+IF(AX8>0,FIXED(Fuelbeds_english!AY8*2.54,1,0),AX8) -> -1 | AZ8: 2 | BA8: 65 | BB8: =+IF(BA8>0,FIXED(Fuelbeds_english!BB8*2.54,1,0),BA8) -> 1.3 | BC8: -1 | BD8: -1 | BE8: -1 | BF8: -1 | BG8: -1 | BH8: -1 | BI8: 100 | BJ8: -1 | BK8: -1 | BL8: =+IF(BK8>0,FIXED(Fuelbeds_english!BL8*2.54,1,0),BK8) -> -1 | BM8: -1 | BN8: -1 | BO8: =+IF(BN8>0,FIXED(Fuelbeds_english!BO8*2.54,1,0),BN8) -> -1
A9: 8 | B9: 1019 | C9: 1019 | D9: 1 - Trop/Sub Moist Broadleaf Forest | E9: 19 - Crops: sugarcane | F9: -3 | G9: -3 | H9: =+IF(F9>0,INT(Fuelbeds_english!H9*2.471),F9) -> -3 | I9: =+IF(F9>0,INT(Fuelbeds_english!I9*0.3048),F9) -> -3 | J9: =+IF(F9>0,INT(Fuelbeds_english!J9*0.3048),F9) -> -3 | K9: =+IF(F9>0,INT(Fuelbeds_english!K9*2.54),F9) -> -3 | L9: -3 | M9: -3 | N9: -3 | O9: -3 | P9: =+IF(O9>0,INT(Fuelbeds_english!P9*2.471),O9) -> -3 | Q9: =+IF(O9>0,INT(Fuelbeds_english!Q9*0.3048),O9) -> -3 | R9: =+IF(O9>0,INT(Fuelbeds_english!R9*0.3048),O9) -> -3 | S9: =+IF(O9>0,INT(Fuelbeds_english!S9*2.54),O9) -> -3 | T9: -3 | U9: -3 | V9: -3 | W9: -3 | X9: -3 | Y9: -3 | Z9: =+IF(Y9>0,FIXED(Fuelbeds_english!Z9*0.3048,1,0),Y9) -> -3 | AA9: -3 | AB9: -3 | AC9: -3 | AD9: -3 | AE9: 100 | AF9: =+IF(AE9>0,FIXED(Fuelbeds_english!AF9*0.3048,1,0),AE9) -> 3.0 | AG9: 100 | AH9: =+IF(AE9>0,FIXED(Fuelbeds_english!AH9*2.242,1,0),AE9) -> 9.1 | AI9: 42058 | AJ9: Saccharum officinarum | AK9: 100 | AL9: -3 | AM9: =+IF(AL9>0,FIXED(Fuelbeds_english!AM9*2.54,1,0),AL9) -> -3 | AN9: =+IF(AM9>0,FIXED(Fuelbeds_english!AN9*0.3048,1,0),AM9) -> -3 | AO9: =+IF(AN9>0,FIXED(Fuelbeds_english!AO9*0.3048,1,0),AN9) -> -3 | AP9: =+IF(AO9>0,FIXED(Fuelbeds_english!AP9*0.3048,1,0),AO9) -> -3 | AQ9: =+IF(AP9>0,FIXED(Fuelbeds_english!AQ9*0.3048,1,0),AP9) -> -3 | AR9: -3 | AS9: -3 | AT9: -3 | AU9: -1 | AV9: =+IF(AU9>0,FIXED(Fuelbeds_english!AV9*2.54,1,0),AU9) -> -1 | AW9: -1 | AX9: -1 | AY9: =+IF(AX9>0,FIXED(Fuelbeds_english!AY9*2.54,1,0),AX9) -> -1 | AZ9: 2 | BA9: 65 | BB9: =+IF(BA9>0,FIXED(Fuelbeds_english!BB9*2.54,1,0),BA9) -> 1.3 | BC9: -1 | BD9: -1 | BE9: -1 | BF9: -1 | BG9: -1 | BH9: -1 | BI9: 100 | BJ9: -1 | BK9: -1 | BL9: =+IF(BK9>0,FIXED(Fuelbeds_english!BL9*2.54,1,0),BK9) -> -1 | BM9: -1 | BN9: -1 | BO9: =+IF(BN9>0,FIXED(Fuelbeds_english!BO9*2.54,1,0),BN9) -> -1
A10: 9 | B10: 1020 | C10: 1020 | D10: 1 - Trop/Sub Moist Broadleaf Forest | E10: 20 - Mosaic Crops/Vegetation: wheat | F10: 32 | G10: 17 | H10: =+IF(F10>0,INT(Fuelbeds_english!H10*2.471),F10) -> 19 | I10: =+IF(F10>0,INT(Fuelbeds_english!I10*0.3048),F10) -> 20 | J10: =+IF(F10>0,INT(Fuelbeds_english!J10*0.3048),F10) -> 10 | K10: =+IF(F10>0,INT(Fuelbeds_english!K10*2.54),F10) -> 30 | L10: 29027 | M10: Swietenia macrophylla | N10: 100 | O10: 32 | P10: =+IF(O10>0,INT(Fuelbeds_english!P10*2.471),O10) -> 123 | Q10: =+IF(O10>0,INT(Fuelbeds_english!Q10*0.3048),O10) -> 10 | R10: =+IF(O10>0,INT(Fuelbeds_english!R10*0.3048),O10) -> 3 | S10: =+IF(O10>0,INT(Fuelbeds_english!S10*2.54),O10) -> 12 | T10: 29027 | U10: Swietenia macrophylla | V10: 100 | W10: 1 | X10: 5 | Y10: 28 | Z10: =+IF(Y10>0,FIXED(Fuelbeds_english!Z10*0.3048,1,0),Y10) -> 1.6 | AA10: 85 | AB10: 19092 | AC10: Ficus aurea | AD10: 100 | AE10: 60 | AF10: =+IF(AE10>0,FIXED(Fuelbeds_english!AF10*0.3048,1,0),AE10) -> 0.2 | AG10: 0 | AH10: =+IF(AE10>0,FIXED(Fuelbeds_english!AH10*2.242,1,0),AE10) -> 0.2 | AI10: 42236 | AJ10: Triticum spp. | AK10: 100 | AL10: 22 | AM10: =+IF(AL10>0,FIXED(Fuelbeds_english!AM10*2.54,1,0),AL10) -> 3.6 | AN10: =+IF($AM10>0,FIXED(Fuelbeds_english!AN10*2.242,1,0),$AM10) -> 0.3 | AO10: =+IF($AM10>0,FIXED(Fuelbeds_english!AO10*2.242,1,0),$AM10) -> 0.9 | AP10: =+IF($AM10>0,FIXED(Fuelbeds_english!AP10*2.242,1,0),$AM10) -> 1.1 | AQ10: =+IF($AM10>0,FIXED(Fuelbeds_english!AQ10*2.242,1,0),$AM10) -> 3.4 | AR10: 29027 | AS10: Swietenia macrophylla | AT10: 100 | AU10: -1 | AV10: =+IF(AU10>0,FIXED(Fuelbeds_english!AV10*2.54,1,0),AU10) -> -1 | AW10: -1 | AX10: -1 | AY10: =+IF(AX10>0,FIXED(Fuelbeds_english!AY10*2.54,1,0),AX10) -> -1 | AZ10: 2 | BA10: 41 | BB10: =+IF(BA10>0,FIXED(Fuelbeds_english!BB10*2.54,1,0),BA10) -> 2.8 | BC10: -1 | BD10: -1 | BE10: -1 | BF10: -1 | BG10: 100 | BH10: -1 | BI10: -1 | BJ10: 1 | BK10: 41 | BL10: =+IF(BK10>0,FIXED(Fuelbeds_english!BL10*2.54,1,0),BK10) -> 1.8 | BM10: 3 | BN10: 41 | BO10: =+IF(BN10>0,FIXED(Fuelbeds_english!BO10*2.54,1,0),BN10) -> 1.8
A11: 10 | B11: 1021 | C11: 1021 | D11: 1 - Trop/Sub Moist Broadleaf Forest | E11: 21 - Mosaic Crops/Vegetation: rice | F11: 33 | G11: 17 | H11: =+IF(F11>0,INT(Fuelbeds_english!H11*2.471),F11) -> 19 | I11: =+IF(F11>0,INT(Fuelbeds_english!I11*0.3048),F11) -> 20 | J11: =+IF(F11>0,INT(Fuelbeds_english!J11*0.3048),F11) -> 10 | K11: =+IF(F11>0,INT(Fuelbeds_english!K11*2.54),F11) -> 27 | L11: 29027 | M11: Swietenia macrophylla | N11: 100 | O11: 33 | P11: =+IF(O11>0,INT(Fuelbeds_english!P11*2.471),O11) -> 126 | Q11: =+IF(O11>0,INT(Fuelbeds_english!Q11*0.3048),O11) -> 10 | R11: =+IF(O11>0,INT(Fuelbeds_english!R11*0.3048),O11) -> 3 | S11: =+IF(O11>0,INT(Fuelbeds_english!S11*2.54),O11) -> 12 | T11: 29027 | U11: Swietenia macrophylla | V11: 100 | W11: 1 | X11: 5 | Y11: 27 | Z11: =+IF(Y11>0,FIXED(Fuelbeds_english!Z11*0.3048,1,0),Y11) -> 1.6 | AA11: 85 | AB11: 19092 | AC11: Ficus aurea | AD11: 100 | AE11: 60 | AF11: =+IF(AE11>0,FIXED(Fuelbeds_english!AF11*0.3048,1,0),AE11) -> 0.2 | AG11: 0 | AH11: =+IF(AE11>0,FIXED(Fuelbeds_english!AH11*2.242,1,0),AE11) -> 1.7 | AI11: 41976 | AJ11: Oryza sativa | AK11: 100 | AL11: 22 | AM11: =+IF(AL11>0,FIXED(Fuelbeds_english!AM11*2.54,1,0),AL11) -> 3.6 | AN11: =+IF($AM11>0,FIXED(Fuelbeds_english!AN11*2.242,1,0),$AM11) -> 0.3 | AO11: =+IF($AM11>0,FIXED(Fuelbeds_english!AO11*2.242,1,0),$AM11) -> 1.0 | AP11: =+IF($AM11>0,FIXED(Fuelbeds_english!AP11*2.242,1,0),$AM11) -> 1.2 | AQ11: =+IF($AM11>0,FIXED(Fuelbeds_english!AQ11*2.242,1,0),$AM11) -> 3.5 | AR11: 29027 | AS11: Swietenia macrophylla | AT11: 100 | AU11: -1 | AV11: =+IF(AU11>0,FIXED(Fuelbeds_english!AV11*2.54,1,0),AU11) -> -1 | AW11: -1 | AX11: -1 | AY11: =+IF(AX11>0,FIXED(Fuelbeds_english!AY11*2.54,1,0),AX11) -> -1 | AZ11: 2 | BA11: 42 | BB11: =+IF(BA11>0,FIXED(Fuelbeds_english!BB11*2.54,1,0),BA11) -> 2.8 | BC11: -1 | BD11: -1 | BE11: -1 | BF11: -1 | BG11: 100 | BH11: -1 | BI11: -1 | BJ11: 1 | BK11: 42 | BL11: =+IF(BK11>0,FIXED(Fuelbeds_english!BL11*2.54,1,0),BK11) -> 1.8 | BM11: 3 | BN11: 42 | BO11: =+IF(BN11>0,FIXED(Fuelbeds_english!BO11*2.54,1,0),BN11) -> 1.8
A12: 11 | B12: 1022 | C12: 1022 | D12: 1 - Trop/Sub Moist Broadleaf Forest | E12: 22 - Mosaic Crops/Vegetation: maize | F12: 24 | G12: 13 | H12: =+IF(F12>0,INT(Fuelbeds_english!H12*2.471),F12) -> 14 | I12: =+IF(F12>0,INT(Fuelbeds_english!I12*0.3048),F12) -> 17 | J12: =+IF(F12>0,INT(Fuelbeds_english!J12*0.3048),F12) -> 9 | K12: =+IF(F12>0,INT(Fuelbeds_english!K12*2.54),F12) -> 20 | L12: 29027 | M12: Swietenia macrophylla | N12: 100 | O12: 24 | P12: =+IF(O12>0,INT(Fuelbeds_english!P12*2.471),O12) -> 93 | Q12: =+IF(O12>0,INT(Fuelbeds_english!Q12*0.3048),O12) -> 9 | R12: =+IF(O12>0,INT(Fuelbeds_english!R12*0.3048),O12) -> 3 | S12: =+IF(O12>0,INT(Fuelbeds_english!S12*2.54),O12) -> 10 | T12: 29027 | U12: Swietenia macrophylla | V12: 100 | W12: 1 | X12: 5 | Y12: 31 | Z12: =+IF(Y12>0,FIXED(Fuelbeds_english!Z12*0.3048,1,0),Y12) -> 1.6 | AA12: 85 | AB12: 19092 | AC12: Ficus aurea | AD12: 100 | AE12: 60 | AF12: =+IF(AE12>0,FIXED(Fuelbeds_english!AF12*0.3048,1,0),AE12) -> 0.2 | AG12: 0 | AH12: =+IF(AE12>0,FIXED(Fuelbeds_english!AH12*2.242,1,0),AE12) -> 0.7 | AI12: 42269 | AJ12: Zea mays | AK12: 100 | AL12: 16 | AM12: =+IF(AL12>0,FIXED(Fuelbeds_english!AM12*2.54,1,0),AL12) -> 3.6 | AN12: =+IF($AM12>0,FIXED(Fuelbeds_english!AN12*2.242,1,0),$AM12) -> 0.2 | AO12: =+IF($AM12>0,FIXED(Fuelbeds_english!AO12*2.242,1,0),$AM12) -> 0.7 | AP12: =+IF($AM12>0,FIXED(Fuelbeds_english!AP12*2.242,1,0),$AM12) -> 0.9 | AQ12: =+IF($AM12>0,FIXED(Fuelbeds_english!AQ12*2.242,1,0),$AM12) -> 2.6 | AR12: 29027 | AS12: Swietenia macrophylla | AT12: 100 | AU12: -1 | AV12: =+IF(AU12>0,FIXED(Fuelbeds_english!AV12*2.54,1,0),AU12) -> -1 | AW12: -1 | AX12: -1 | AY12: =+IF(AX12>0,FIXED(Fuelbeds_english!AY12*2.54,1,0),AX12) -> -1 | AZ12: 2 | BA12: 32 | BB12: =+IF(BA12>0,FIXED(Fuelbeds_english!BB12*2.54,1,0),BA12) -> 2.8 | BC12: -1 | BD12: -1 | BE12: -1 | BF12: -1 | BG12: 100 | BH12: -1 | BI12: -1 | BJ12: 1 | BK12: 32 | BL12: =+IF(BK12>0,FIXED(Fuelbeds_english!BL12*2.54,1,0),BK12) -> 1.8 | BM12: 3 | BN12: 32 | BO12: =+IF(BN12>0,FIXED(Fuelbeds_english!BO12*2.54,1,0),BN12) -> 1.8
A13: 12 | B13: 1023 | C13: 1023 | D13: 1 - Trop/Sub Moist Broadleaf Forest | E13: 23 - Mosaic Crops/Vegetation: soybean | F13: 18 | G13: 9 | H13: =+IF(F13>0,INT(Fuelbeds_english!H13*2.471),F13) -> 9 | I13: =+IF(F13>0,INT(Fuelbeds_english!I13*0.3048),F13) -> 14 | J13: =+IF(F13>0,INT(Fuelbeds_english!J13*0.3048),F13) -> 7 | K13: =+IF(F13>0,INT(Fuelbeds_english!K13*2.54),F13) -> 15 | L13: 29027 | M13: Swietenia macrophylla | N13: 100 | O13: 18 | P13: =+IF(O13>0,INT(Fuelbeds_english!P13*2.471),O13) -> 71 | Q13: =+IF(O13>0,INT(Fuelbeds_english!Q13*0.3048),O13) -> 7 | R13: =+IF(O13>0,INT(Fuelbeds_english!R13*0.3048),O13) -> 2 | S13: =+IF(O13>0,INT(Fuelbeds_english!S13*2.54),O13) -> 7 | T13: 29027 | U13: Swietenia macrophylla | V13: 100 | W13: 1 | X13: 5 | Y13: 33 | Z13: =+IF(Y13>0,FIXED(Fuelbeds_english!Z13*0.3048,1,0),Y13) -> 1.6 | AA13: 85 | AB13: 19092 | AC13: Ficus aurea | AD13: 100 | AE13: 60 | AF13: =+IF(AE13>0,FIXED(Fuelbeds_english!AF13*0.3048,1,0),AE13) -> 0.2 | AG13: 0 | AH13: =+IF(AE13>0,FIXED(Fuelbeds_english!AH13*2.242,1,0),AE13) -> 0.2 | AI13: 26716 | AJ13: Glycine max | AK13: 100 | AL13: 12 | AM13: =+IF(AL13>0,FIXED(Fuelbeds_english!AM13*2.54,1,0),AL13) -> 3.6 | AN13: =+IF($AM13>0,FIXED(Fuelbeds_english!AN13*2.242,1,0),$AM13) -> 0.2 | AO13: =+IF($AM13>0,FIXED(Fuelbeds_english!AO13*2.242,1,0),$AM13) -> 0.5 | AP13: =+IF($AM13>0,FIXED(Fuelbeds_english!AP13*2.242,1,0),$AM13) -> 0.7 | AQ13: =+IF($AM13>0,FIXED(Fuelbeds_english!AQ13*2.242,1,0),$AM13) -> 1.9 | AR13: 29027 | AS13: Swietenia macrophylla | AT13: 100 | AU13: -1 | AV13: =+IF(AU13>0,FIXED(Fuelbeds_english!AV13*2.54,1,0),AU13) -> -1 | AW13: -1 | AX13: -1 | AY13: =+IF(AX13>0,FIXED(Fuelbeds_english!AY13*2.54,1,0),AX13) -> -1 | AZ13: 2 | BA13: 24 | BB13: =+IF(BA13>0,FIXED(Fuelbeds_english!BB13*2.54,1,0),BA13) -> 2.8 | BC13: -1 | BD13: -1 | BE13: -1 | BF13: -1 | BG13: 100 | BH13: -1 | BI13: -1 | BJ13: 1 | BK13: 24 | BL13: =+IF(BK13>0,FIXED(Fuelbeds_english!BL13*2.54,1,0),BK13) -> 1.8 | BM13: 3 | BN13: 24 | BO13: =+IF(BN13>0,FIXED(Fuelbeds_english!BO13*2.54,1,0),BN13) -> 1.8
A14: 13 | B14: 1026 | C14: 1026 | D14: 1 - Trop/Sub Moist Broadleaf Forest | E14: 26 - Mosaic Crops/Vegetation: beans | F14: 21 | G14: 11 | H14: =+IF(F14>0,INT(Fuelbeds_english!H14*2.471),F14) -> 12 | I14: =+IF(F14>0,INT(Fuelbeds_english!I14*0.3048),F14) -> 14 | J14: =+IF(F14>0,INT(Fuelbeds_english!J14*0.3048),F14) -> 7 | K14: =+IF(F14>0,INT(Fuelbeds_english!K14*2.54),F14) -> 15 | L14: 29027 | M14: Swietenia macrophylla | N14: 100 | O14: 21 | P14: =+IF(O14>0,INT(Fuelbeds_english!P14*2.471),O14) -> 84 | Q14: =+IF(O14>0,INT(Fuelbeds_english!Q14*0.3048),O14) -> 7 | R14: =+IF(O14>0,INT(Fuelbeds_english!R14*0.3048),O14) -> 2 | S14: =+IF(O14>0,INT(Fuelbeds_english!S14*2.54),O14) -> 7 | T14: 29027 | U14: Swietenia macrophylla | V14: 100 | W14: 1 | X14: 5 | Y14: 32 | Z14: =+IF(Y14>0,FIXED(Fuelbeds_english!Z14*0.3048,1,0),Y14) -> 1.6 | AA14: 85 | AB14: 19092 | AC14: Ficus aurea | AD14: 100 | AE14: 60 | AF14: =+IF(AE14>0,FIXED(Fuelbeds_english!AF14*0.3048,1,0),AE14) -> 0.1 | AG14: 0 | AH14: =+IF(AE14>0,FIXED(Fuelbeds_english!AH14*2.242,1,0),AE14) -> 0.2 | AI14: 26857 | AJ14: Phaseolus vulgaris | AK14: 100 | AL14: 15 | AM14: =+IF(AL14>0,FIXED(Fuelbeds_english!AM14*2.54,1,0),AL14) -> 3.6 | AN14: =+IF($AM14>0,FIXED(Fuelbeds_english!AN14*2.242,1,0),$AM14) -> 0.2 | AO14: =+IF($AM14>0,FIXED(Fuelbeds_english!AO14*2.242,1,0),$AM14) -> 0.6 | AP14: =+IF($AM14>0,FIXED(Fuelbeds_english!AP14*2.242,1,0),$AM14) -> 0.8 | AQ14: =+IF($AM14>0,FIXED(Fuelbeds_english!AQ14*2.242,1,0),$AM14) -> 2.3 | AR14: 29027 | AS14: Swietenia macrophylla | AT14: 100 | AU14: -1 | AV14: =+IF(AU14>0,FIXED(Fuelbeds_english!AV14*2.54,1,0),AU14) -> -1 | AW14: -1 | AX14: -1 | AY14: =+IF(AX14>0,FIXED(Fuelbeds_english!AY14*2.54,1,0),AX14) -> -1 | AZ14: 2 | BA14: 28 | BB14: =+IF(BA14>0,FIXED(Fuelbeds_english!BB14*2.54,1,0),BA14) -> 2.8 | BC14: -1 | BD14: -1 | BE14: -1 | BF14: -1 | BG14: 100 | BH14: -1 | BI14: -1 | BJ14: 1 | BK14: 28 | BL14: =+IF(BK14>0,FIXED(Fuelbeds_english!BL14*2.54,1,0),BK14) -> 1.8 | BM14: 3 | BN14: 28 | BO14: =+IF(BN14>0,FIXED(Fuelbeds_english!BO14*2.54,1,0),BN14) -> 1.8
A15: 14 | B15: 1027 | C15: 1027 | D15: 1 - Trop/Sub Moist Broadleaf Forest | E15: 27 - Mosaic Crops/Vegetation: tubers | F15: 50 | G15: 26 | H15: =+IF(F15>0,INT(Fuelbeds_english!H15*2.471),F15) -> 29 | I15: =+IF(F15>0,INT(Fuelbeds_english!I15*0.3048),F15) -> 30 | J15: =+IF(F15>0,INT(Fuelbeds_english!J15*0.3048),F15) -> 16 | K15: =+IF(F15>0,INT(Fuelbeds_english!K15*2.54),F15) -> 60 | L15: 29027 | M15: Swietenia macrophylla | N15: 100 | O15: 50 | P15: =+IF(O15>0,INT(Fuelbeds_english!P15*2.471),O15) -> 195 | Q15: =+IF(O15>0,INT(Fuelbeds_english!Q15*0.3048),O15) -> 15 | R15: =+IF(O15>0,INT(Fuelbeds_english!R15*0.3048),O15) -> 5 | S15: =+IF(O15>0,INT(Fuelbeds_english!S15*2.54),O15) -> 17 | T15: 29027 | U15: Swietenia macrophylla | V15: 100 | W15: 1 | X15: 5 | Y15: 31 | Z15: =+IF(Y15>0,FIXED(Fuelbeds_english!Z15*0.3048,1,0),Y15) -> 1.6 | AA15: 85 | AB15: 19092 | AC15: Ficus aurea | AD15: 100 | AE15: 50 | AF15: =+IF(AE15>0,FIXED(Fuelbeds_english!AF15*0.3048,1,0),AE15) -> 0.0 | AG15: 0 | AH15: =+IF(AE15>0,FIXED(Fuelbeds_english!AH15*2.242,1,0),AE15) -> 0.0 | AI15: 505272 | AJ15: Solanum tuberosum | AK15: 100 | AL15: 34 | AM15: =+IF(AL15>0,FIXED(Fuelbeds_english!AM15*2.54,1,0),AL15) -> 3.6 | AN15: =+IF($AM15>0,FIXED(Fuelbeds_english!AN15*2.242,1,0),$AM15) -> 0.4 | AO15: =+IF($AM15>0,FIXED(Fuelbeds_english!AO15*2.242,1,0),$AM15) -> 1.5 | AP15: =+IF($AM15>0,FIXED(Fuelbeds_english!AP15*2.242,1,0),$AM15) -> 1.8 | AQ15: =+IF($AM15>0,FIXED(Fuelbeds_english!AQ15*2.242,1,0),$AM15) -> 5.3 | AR15: 29027 | AS15: Swietenia macrophylla | AT15: 100 | AU15: -1 | AV15: =+IF(AU15>0,FIXED(Fuelbeds_english!AV15*2.54,1,0),AU15) -> -1 | AW15: -1 | AX15: -1 | AY15: =+IF(AX15>0,FIXED(Fuelbeds_english!AY15*2.54,1,0),AX15) -> -1 | AZ15: 2 | BA15: 65 | BB15: =+IF(BA15>0,FIXED(Fuelbeds_english!BB15*2.54,1,0),BA15) -> 2.8 | BC15: -1 | BD15: -1 | BE15: -1 | BF15: -1 | BG15: 100 | BH15: -1 | BI15: -1 | BJ15: 1 | BK15: 65 | BL15: =+IF(BK15>0,FIXED(Fuelbeds_english!BL15*2.54,1,0),BK15) -> 1.8 | BM15: 3 | BN15: 65 | BO15: =+IF(BN15>0,FIXED(Fuelbeds_english!BO15*2.54,1,0),BN15) -> 1.8
A16: 15 | B16: 1028 | C16: 1028 | D16: 1 - Trop/Sub Moist Broadleaf Forest | E16: 28 - Mosaic Crops/Vegetation: forage | F16: 26 | G16: 14 | H16: =+IF(F16>0,INT(Fuelbeds_english!H16*2.471),F16) -> 14 | I16: =+IF(F16>0,INT(Fuelbeds_english!I16*0.3048),F16) -> 13 | J16: =+IF(F16>0,INT(Fuelbeds_english!J16*0.3048),F16) -> 7 | K16: =+IF(F16>0,INT(Fuelbeds_english!K16*2.54),F16) -> 12 | L16: 29027 | M16: Swietenia macrophylla | N16: 100 | O16: 26 | P16: =+IF(O16>0,INT(Fuelbeds_english!P16*2.471),O16) -> 101 | Q16: =+IF(O16>0,INT(Fuelbeds_english!Q16*0.3048),O16) -> 7 | R16: =+IF(O16>0,INT(Fuelbeds_english!R16*0.3048),O16) -> 2 | S16: =+IF(O16>0,INT(Fuelbeds_english!S16*2.54),O16) -> 7 | T16: 29027 | U16: Swietenia macrophylla | V16: 100 | W16: 1 | X16: 5 | Y16: 30 | Z16: =+IF(Y16>0,FIXED(Fuelbeds_english!Z16*0.3048,1,0),Y16) -> 1.6 | AA16: 85 | AB16: 19092 | AC16: Ficus aurea | AD16: 100 | AE16: 60 | AF16: =+IF(AE16>0,FIXED(Fuelbeds_english!AF16*0.3048,1,0),AE16) -> 0.2 | AG16: 0 | AH16: =+IF(AE16>0,FIXED(Fuelbeds_english!AH16*2.242,1,0),AE16) -> 0.4 | AI16: 41088 | AJ16: Poa pratensis | AK16: 100 | AL16: 18 | AM16: =+IF(AL16>0,FIXED(Fuelbeds_english!AM16*2.54,1,0),AL16) -> 3.6 | AN16: =+IF($AM16>0,FIXED(Fuelbeds_english!AN16*2.242,1,0),$AM16) -> 0.2 | AO16: =+IF($AM16>0,FIXED(Fuelbeds_english!AO16*2.242,1,0),$AM16) -> 0.8 | AP16: =+IF($AM16>0,FIXED(Fuelbeds_english!AP16*2.242,1,0),$AM16) -> 0.9 | AQ16: =+IF($AM16>0,FIXED(Fuelbeds_english!AQ16*2.242,1,0),$AM16) -> 2.8 | AR16: 29027 | AS16: Swietenia macrophylla | AT16: 100 | AU16: -1 | AV16: =+IF(AU16>0,FIXED(Fuelbeds_english!AV16*2.54,1,0),AU16) -> -1 | AW16: -1 | AX16: -1 | AY16: =+IF(AX16>0,FIXED(Fuelbeds_english!AY16*2.54,1,0),AX16) -> -1 | AZ16: 2 | BA16: 34 | BB16: =+IF(BA16>0,FIXED(Fuelbeds_english!BB16*2.54,1,0),BA16) -> 2.8 | BC16: -1 | BD16: -1 | BE16: -1 | BF16: -1 | BG16: 100 | BH16: -1 | BI16: -1 | BJ16: 1 | BK16: 34 | BL16: =+IF(BK16>0,FIXED(Fuelbeds_english!BL16*2.54,1,0),BK16) -> 1.8 | BM16: 3 | BN16: 34 | BO16: =+IF(BN16>0,FIXED(Fuelbeds_english!BO16*2.54,1,0),BN16) -> 1.8
A17: 16 | B17: 1029 | C17: 1029 | D17: 1 - Trop/Sub Moist Broadleaf Forest | E17: 29 - Mosaic Crops/Vegetation: sugarcane | F17: 30 | G17: 15 | H17: =+IF(F17>0,INT(Fuelbeds_english!H17*2.471),F17) -> 17 | I17: =+IF(F17>0,INT(Fuelbeds_english!I17*0.3048),F17) -> 19 | J17: =+IF(F17>0,INT(Fuelbeds_english!J17*0.3048),F17) -> 10 | K17: =+IF(F17>0,INT(Fuelbeds_english!K17*2.54),F17) -> 27 | L17: 29027 | M17: Swietenia macrophylla | N17: 100 | O17: 30 | P17: =+IF(O17>0,INT(Fuelbeds_english!P17*2.471),O17) -> 116 | Q17: =+IF(O17>0,INT(Fuelbeds_english!Q17*0.3048),O17) -> 10 | R17: =+IF(O17>0,INT(Fuelbeds_english!R17*0.3048),O17) -> 3 | S17: =+IF(O17>0,INT(Fuelbeds_english!S17*2.54),O17) -> 12 | T17: 29027 | U17: Swietenia macrophylla | V17: 100 | W17: 1 | X17: 5 | Y17: 28 | Z17: =+IF(Y17>0,FIXED(Fuelbeds_english!Z17*0.3048,1,0),Y17) -> 1.6 | AA17: 85 | AB17: 19092 | AC17: Ficus aurea | AD17: 100 | AE17: 60 | AF17: =+IF(AE17>0,FIXED(Fuelbeds_english!AF17*0.3048,1,0),AE17) -> 3.0 | AG17: 100 | AH17: =+IF(AE17>0,FIXED(Fuelbeds_english!AH17*2.242,1,0),AE17) -> 5.4 | AI17: 42058 | AJ17: Saccharum officinarum | AK17: 100 | AL17: 20 | AM17: =+IF(AL17>0,FIXED(Fuelbeds_english!AM17*2.54,1,0),AL17) -> 3.6 | AN17: =+IF($AM17>0,FIXED(Fuelbeds_english!AN17*2.242,1,0),$AM17) -> 0.2 | AO17: =+IF($AM17>0,FIXED(Fuelbeds_english!AO17*2.242,1,0),$AM17) -> 0.9 | AP17: =+IF($AM17>0,FIXED(Fuelbeds_english!AP17*2.242,1,0),$AM17) -> 1.1 | AQ17: =+IF($AM17>0,FIXED(Fuelbeds_english!AQ17*2.242,1,0),$AM17) -> 3.1 | AR17: 29027 | AS17: Swietenia macrophylla | AT17: 100 | AU17: -1 | AV17: =+IF(AU17>0,FIXED(Fuelbeds_english!AV17*2.54,1,0),AU17) -> -1 | AW17: -1 | AX17: -1 | AY17: =+IF(AX17>0,FIXED(Fuelbeds_english!AY17*2.54,1,0),AX17) -> -1 | AZ17: 2 | BA17: 39 | BB17: =+IF(BA17>0,FIXED(Fuelbeds_english!BB17*2.54,1,0),BA17) -> 2.8 | BC17: -1 | BD17: -1 | BE17: -1 | BF17: -1 | BG17: 100 | BH17: -1 | BI17: -1 | BJ17: 1 | BK17: 39 | BL17: =+IF(BK17>0,FIXED(Fuelbeds_english!BL17*2.54,1,0),BK17) -> 1.8 | BM17: 3 | BN17: 39 | BO17: =+IF(BN17>0,FIXED(Fuelbeds_english!BO17*2.54,1,0),BN17) -> 1.8
A18: 17 | B18: 1030a | C18: 911030 | D18: 1 - Trop/Sub Moist Broadleaf Forest | E18: 30 - Mosaic Vegetation/Crops: wheat | F18: 15 | G18: 8 | H18: =+IF(F18>0,INT(Fuelbeds_english!H18*2.471),F18) -> 9 | I18: =+IF(F18>0,INT(Fuelbeds_english!I18*0.3048),F18) -> 14 | J18: =+IF(F18>0,INT(Fuelbeds_english!J18*0.3048),F18) -> 7 | K18: =+IF(F18>0,INT(Fuelbeds_english!K18*2.54),F18) -> 15 | L18: 29027 | M18: Swietenia macrophylla | N18: 100 | O18: 15 | P18: =+IF(O18>0,INT(Fuelbeds_english!P18*2.471),O18) -> 56 | Q18: =+IF(O18>0,INT(Fuelbeds_english!Q18*0.3048),O18) -> 7 | R18: =+IF(O18>0,INT(Fuelbeds_english!R18*0.3048),O18) -> 2 | S18: =+IF(O18>0,INT(Fuelbeds_english!S18*2.54),O18) -> 7 | T18: 29027 | U18: Swietenia macrophylla | V18: 100 | W18: 1 | X18: 5 | Y18: 64 | Z18: =+IF(Y18>0,FIXED(Fuelbeds_english!Z18*0.3048,1,0),Y18) -> 1.6 | AA18: 85 | AB18: 19092 | AC18: Ficus aurea | AD18: 100 | AE18: 30 | AF18: =+IF(AE18>0,FIXED(Fuelbeds_english!AF18*0.3048,1,0),AE18) -> 0.2 | AG18: 0 | AH18: =+IF(AE18>0,FIXED(Fuelbeds_english!AH18*2.242,1,0),AE18) -> 0.1 | AI18: 42236 | AJ18: Triticum spp. | AK18: 100 | AL18: 10 | AM18: =+IF(AL18>0,FIXED(Fuelbeds_english!AM18*2.54,1,0),AL18) -> 3.6 | AN18: =+IF($AM18>0,FIXED(Fuelbeds_english!AN18*2.242,1,0),$AM18) -> 0.1 | AO18: =+IF($AM18>0,FIXED(Fuelbeds_english!AO18*2.242,1,0),$AM18) -> 0.4 | AP18: =+IF($AM18>0,FIXED(Fuelbeds_english!AP18*2.242,1,0),$AM18) -> 0.5 | AQ18: =+IF($AM18>0,FIXED(Fuelbeds_english!AQ18*2.242,1,0),$AM18) -> 1.6 | AR18: 29027 | AS18: Swietenia macrophylla | AT18: 100 | AU18: -1 | AV18: =+IF(AU18>0,FIXED(Fuelbeds_english!AV18*2.54,1,0),AU18) -> -1 | AW18: -1 | AX18: -1 | AY18: =+IF(AX18>0,FIXED(Fuelbeds_english!AY18*2.54,1,0),AX18) -> -1 | AZ18: 1 | BA18: 19 | BB18: =+IF(BA18>0,FIXED(Fuelbeds_english!BB18*2.54,1,0),BA18) -> 2.8 | BC18: -1 | BD18: -1 | BE18: -1 | BF18: -1 | BG18: 100 | BH18: -1 | BI18: -1 | BJ18: 1 | BK18: 19 | BL18: =+IF(BK18>0,FIXED(Fuelbeds_english!BL18*2.54,1,0),BK18) -> 1.8 | BM18: 3 | BN18: 19 | BO18: =+IF(BN18>0,FIXED(Fuelbeds_english!BO18*2.54,1,0),BN18) -> 1.8
A19: 18 | B19: 1030b | C19: 921030 | D19: 1 - Trop/Sub Moist Broadleaf Forest | E19: 30 - Mosaic Vegetation/Crops: wheat | F19: 55 | G19: 29 | H19: =+IF(F19>0,INT(Fuelbeds_english!H19*2.471),F19) -> 32 | I19: =+IF(F19>0,INT(Fuelbeds_english!I19*0.3048),F19) -> 24 | J19: =+IF(F19>0,INT(Fuelbeds_english!J19*0.3048),F19) -> 13 | K19: =+IF(F19>0,INT(Fuelbeds_english!K19*2.54),F19) -> 40 | L19: 29027 | M19: Swietenia macrophylla | N19: 100 | O19: 55 | P19: =+IF(O19>0,INT(Fuelbeds_english!P19*2.471),O19) -> 214 | Q19: =+IF(O19>0,INT(Fuelbeds_english!Q19*0.3048),O19) -> 12 | R19: =+IF(O19>0,INT(Fuelbeds_english!R19*0.3048),O19) -> 4 | S19: =+IF(O19>0,INT(Fuelbeds_english!S19*2.54),O19) -> 12 | T19: 29027 | U19: Swietenia macrophylla | V19: 100 | W19: 1 | X19: 5 | Y19: 49 | Z19: =+IF(Y19>0,FIXED(Fuelbeds_english!Z19*0.3048,1,0),Y19) -> 1.6 | AA19: 85 | AB19: 19092 | AC19: Ficus aurea | AD19: 100 | AE19: 30 | AF19: =+IF(AE19>0,FIXED(Fuelbeds_english!AF19*0.3048,1,0),AE19) -> 0.2 | AG19: 0 | AH19: =+IF(AE19>0,FIXED(Fuelbeds_english!AH19*2.242,1,0),AE19) -> 0.1 | AI19: 42236 | AJ19: Triticum spp. | AK19: 100 | AL19: 37 | AM19: =+IF(AL19>0,FIXED(Fuelbeds_english!AM19*2.54,1,0),AL19) -> 3.6 | AN19: =+IF($AM19>0,FIXED(Fuelbeds_english!AN19*2.242,1,0),$AM19) -> 0.4 | AO19: =+IF($AM19>0,FIXED(Fuelbeds_english!AO19*2.242,1,0),$AM19) -> 1.6 | AP19: =+IF($AM19>0,FIXED(Fuelbeds_english!AP19*2.242,1,0),$AM19) -> 2.0 | AQ19: =+IF($AM19>0,FIXED(Fuelbeds_english!AQ19*2.242,1,0),$AM19) -> 5.8 | AR19: 29027 | AS19: Swietenia macrophylla | AT19: 100 | AU19: -1 | AV19: =+IF(AU19>0,FIXED(Fuelbeds_english!AV19*2.54,1,0),AU19) -> -1 | AW19: -1 | AX19: -1 | AY19: =+IF(AX19>0,FIXED(Fuelbeds_english!AY19*2.54,1,0),AX19) -> -1 | AZ19: 1 | BA19: 71 | BB19: =+IF(BA19>0,FIXED(Fuelbeds_english!BB19*2.54,1,0),BA19) -> 2.8 | BC19: -1 | BD19: -1 | BE19: -1 | BF19: -1 | BG19: 100 | BH19: -1 | BI19: -1 | BJ19: 1 | BK19: 71 | BL19: =+IF(BK19>0,FIXED(Fuelbeds_english!BL19*2.54,1,0),BK19) -> 1.8 | BM19: 3 | BN19: 71 | BO19: =+IF(BN19>0,FIXED(Fuelbeds_english!BO19*2.54,1,0),BN19) -> 1.8
A20: 19 | B20: 1030c | C20: 931030 | D20: 1 - Trop/Sub Moist Broadleaf Forest | E20: 30 - Mosaic Vegetation/Crops: wheat | F20: 77 | G20: 40 | H20: =+IF(F20>0,INT(Fuelbeds_english!H20*2.471),F20) -> 46 | I20: =+IF(F20>0,INT(Fuelbeds_english!I20*0.3048),F20) -> 31 | J20: =+IF(F20>0,INT(Fuelbeds_english!J20*0.3048),F20) -> 16 | K20: =+IF(F20>0,INT(Fuelbeds_english!K20*2.54),F20) -> 66 | L20: 29027 | M20: Swietenia macrophylla | N20: 100 | O20: 77 | P20: =+IF(O20>0,INT(Fuelbeds_english!P20*2.471),O20) -> 301 | Q20: =+IF(O20>0,INT(Fuelbeds_english!Q20*0.3048),O20) -> 16 | R20: =+IF(O20>0,INT(Fuelbeds_english!R20*0.3048),O20) -> 5 | S20: =+IF(O20>0,INT(Fuelbeds_english!S20*2.54),O20) -> 20 | T20: 29027 | U20: Swietenia macrophylla | V20: 100 | W20: 1 | X20: 5 | Y20: 47 | Z20: =+IF(Y20>0,FIXED(Fuelbeds_english!Z20*0.3048,1,0),Y20) -> 1.6 | AA20: 85 | AB20: 19092 | AC20: Ficus aurea | AD20: 100 | AE20: 22.8 | AF20: =+IF(AE20>0,FIXED(Fuelbeds_english!AF20*0.3048,1,0),AE20) -> 0.2 | AG20: 0 | AH20: =+IF(AE20>0,FIXED(Fuelbeds_english!AH20*2.242,1,0),AE20) -> 0.1 | AI20: 42236 | AJ20: Triticum spp. | AK20: 100 | AL20: 52 | AM20: =+IF(AL20>0,FIXED(Fuelbeds_english!AM20*2.54,1,0),AL20) -> 3.6 | AN20: =+IF($AM20>0,FIXED(Fuelbeds_english!AN20*2.242,1,0),$AM20) -> 0.6 | AO20: =+IF($AM20>0,FIXED(Fuelbeds_english!AO20*2.242,1,0),$AM20) -> 2.3 | AP20: =+IF($AM20>0,FIXED(Fuelbeds_english!AP20*2.242,1,0),$AM20) -> 2.8 | AQ20: =+IF($AM20>0,FIXED(Fuelbeds_english!AQ20*2.242,1,0),$AM20) -> 8.2 | AR20: 29027 | AS20: Swietenia macrophylla | AT20: 100 | AU20: -1 | AV20: =+IF(AU20>0,FIXED(Fuelbeds_english!AV20*2.54,1,0),AU20) -> -1 | AW20: -1 | AX20: -1 | AY20: =+IF(AX20>0,FIXED(Fuelbeds_english!AY20*2.54,1,0),AX20) -> -1 | AZ20: 1 | BA20: 100 | BB20: =+IF(BA20>0,FIXED(Fuelbeds_english!BB20*2.54,1,0),BA20) -> 2.8 | BC20: -1 | BD20: -1 | BE20: -1 | BF20: -1 | BG20: 100 | BH20: -1 | BI20: -1 | BJ20: 1 | BK20: 100 | BL20: =+IF(BK20>0,FIXED(Fuelbeds_english!BL20*2.54,1,0),BK20) -> 1.8 | BM20: 3 | BN20: 100 | BO20: =+IF(BN20>0,FIXED(Fuelbeds_english!BO20*2.54,1,0),BN20) -> 1.8
A21: 20 | B21: 1031a | C21: 911031 | D21: 1 - Trop/Sub Moist Broadleaf Forest | E21: 31 - Mosaic Vegetation/Crops: rice | F21: 21 | G21: 11 | H21: =+IF(F21>0,INT(Fuelbeds_english!H21*2.471),F21) -> 12 | I21: =+IF(F21>0,INT(Fuelbeds_english!I21*0.3048),F21) -> 17 | J21: =+IF(F21>0,INT(Fuelbeds_english!J21*0.3048),F21) -> 9 | K21: =+IF(F21>0,INT(Fuelbeds_english!K21*2.54),F21) -> 22 | L21: 29027 | M21: Swietenia macrophylla | N21: 100 | O21: 21 | P21: =+IF(O21>0,INT(Fuelbeds_english!P21*2.471),O21) -> 79 | Q21: =+IF(O21>0,INT(Fuelbeds_english!Q21*0.3048),O21) -> 9 | R21: =+IF(O21>0,INT(Fuelbeds_english!R21*0.3048),O21) -> 3 | S21: =+IF(O21>0,INT(Fuelbeds_english!S21*2.54),O21) -> 10 | T21: 29027 | U21: Swietenia macrophylla | V21: 100 | W21: 1 | X21: 5 | Y21: 62 | Z21: =+IF(Y21>0,FIXED(Fuelbeds_english!Z21*0.3048,1,0),Y21) -> 1.6 | AA21: 85 | AB21: 19092 | AC21: Ficus aurea | AD21: 100 | AE21: 30 | AF21: =+IF(AE21>0,FIXED(Fuelbeds_english!AF21*0.3048,1,0),AE21) -> 0.2 | AG21: 0 | AH21: =+IF(AE21>0,FIXED(Fuelbeds_english!AH21*2.242,1,0),AE21) -> 0.9 | AI21: 41976 | AJ21: Oryza sativa | AK21: 100 | AL21: 14 | AM21: =+IF(AL21>0,FIXED(Fuelbeds_english!AM21*2.54,1,0),AL21) -> 3.6 | AN21: =+IF($AM21>0,FIXED(Fuelbeds_english!AN21*2.242,1,0),$AM21) -> 0.2 | AO21: =+IF($AM21>0,FIXED(Fuelbeds_english!AO21*2.242,1,0),$AM21) -> 0.6 | AP21: =+IF($AM21>0,FIXED(Fuelbeds_english!AP21*2.242,1,0),$AM21) -> 0.7 | AQ21: =+IF($AM21>0,FIXED(Fuelbeds_english!AQ21*2.242,1,0),$AM21) -> 2.2 | AR21: 29027 | AS21: Swietenia macrophylla | AT21: 100 | AU21: -1 | AV21: =+IF(AU21>0,FIXED(Fuelbeds_english!AV21*2.54,1,0),AU21) -> -1 | AW21: -1 | AX21: -1 | AY21: =+IF(AX21>0,FIXED(Fuelbeds_english!AY21*2.54,1,0),AX21) -> -1 | AZ21: 1 | BA21: 27 | BB21: =+IF(BA21>0,FIXED(Fuelbeds_english!BB21*2.54,1,0),BA21) -> 2.8 | BC21: -1 | BD21: -1 | BE21: -1 | BF21: -1 | BG21: 100 | BH21: -1 | BI21: -1 | BJ21: 1 | BK21: 27 | BL21: =+IF(BK21>0,FIXED(Fuelbeds_english!BL21*2.54,1,0),BK21) -> 1.8 | BM21: 3 | BN21: 27 | BO21: =+IF(BN21>0,FIXED(Fuelbeds_english!BO21*2.54,1,0),BN21) -> 1.8
A22: 21 | B22: 1031b | C22: 921031 | D22: 1 - Trop/Sub Moist Broadleaf Forest | E22: 31 - Mosaic Vegetation/Crops: rice | F22: 53 | G22: 28 | H22: =+IF(F22>0,INT(Fuelbeds_english!H22*2.471),F22) -> 32 | I22: =+IF(F22>0,INT(Fuelbeds_english!I22*0.3048),F22) -> 23 | J22: =+IF(F22>0,INT(Fuelbeds_english!J22*0.3048),F22) -> 12 | K22: =+IF(F22>0,INT(Fuelbeds_english!K22*2.54),F22) -> 38 | L22: 29027 | M22: Swietenia macrophylla | N22: 100 | O22: 53 | P22: =+IF(O22>0,INT(Fuelbeds_english!P22*2.471),O22) -> 207 | Q22: =+IF(O22>0,INT(Fuelbeds_english!Q22*0.3048),O22) -> 12 | R22: =+IF(O22>0,INT(Fuelbeds_english!R22*0.3048),O22) -> 3 | S22: =+IF(O22>0,INT(Fuelbeds_english!S22*2.54),O22) -> 10 | T22: 29027 | U22: Swietenia macrophylla | V22: 100 | W22: 1 | X22: 5 | Y22: 49 | Z22: =+IF(Y22>0,FIXED(Fuelbeds_english!Z22*0.3048,1,0),Y22) -> 1.6 | AA22: 85 | AB22: 19092 | AC22: Ficus aurea | AD22: 100 | AE22: 30 | AF22: =+IF(AE22>0,FIXED(Fuelbeds_english!AF22*0.3048,1,0),AE22) -> 0.2 | AG22: 0 | AH22: =+IF(AE22>0,FIXED(Fuelbeds_english!AH22*2.242,1,0),AE22) -> 0.9 | AI22: 41976 | AJ22: Oryza sativa | AK22: 100 | AL22: 36 | AM22: =+IF(AL22>0,FIXED(Fuelbeds_english!AM22*2.54,1,0),AL22) -> 3.6 | AN22: =+IF($AM22>0,FIXED(Fuelbeds_english!AN22*2.242,1,0),$AM22) -> 0.4 | AO22: =+IF($AM22>0,FIXED(Fuelbeds_english!AO22*2.242,1,0),$AM22) -> 1.6 | AP22: =+IF($AM22>0,FIXED(Fuelbeds_english!AP22*2.242,1,0),$AM22) -> 1.9 | AQ22: =+IF($AM22>0,FIXED(Fuelbeds_english!AQ22*2.242,1,0),$AM22) -> 5.6 | AR22: 29027 | AS22: Swietenia macrophylla | AT22: 100 | AU22: -1 | AV22: =+IF(AU22>0,FIXED(Fuelbeds_english!AV22*2.54,1,0),AU22) -> -1 | AW22: -1 | AX22: -1 | AY22: =+IF(AX22>0,FIXED(Fuelbeds_english!AY22*2.54,1,0),AX22) -> -1 | AZ22: 1 | BA22: 69 | BB22: =+IF(BA22>0,FIXED(Fuelbeds_english!BB22*2.54,1,0),BA22) -> 2.8 | BC22: -1 | BD22: -1 | BE22: -1 | BF22: -1 | BG22: 100 | BH22: -1 | BI22: -1 | BJ22: 1 | BK22: 69 | BL22: =+IF(BK22>0,FIXED(Fuelbeds_english!BL22*2.54,1,0),BK22) -> 1.8 | BM22: 3 | BN22: 69 | BO22: =+IF(BN22>0,FIXED(Fuelbeds_english!BO22*2.54,1,0),BN22) -> 1.8
A23: 22 | B23: 1031c | C23: 931031 | D23: 1 - Trop/Sub Moist Broadleaf Forest | E23: 31 - Mosaic Vegetation/Crops: rice | F23: 77 | G23: 40 | H23: =+IF(F23>0,INT(Fuelbeds_english!H23*2.471),F23) -> 46 | I23: =+IF(F23>0,INT(Fuelbeds_english!I23*0.3048),F23) -> 29 | J23: =+IF(F23>0,INT(Fuelbeds_english!J23*0.3048),F23) -> 15 | K23: =+IF(F23>0,INT(Fuelbeds_english!K23*2.54),F23) -> 58 | L23: 29027 | M23: Swietenia macrophylla | N23: 100 | O23: 77 | P23: =+IF(O23>0,INT(Fuelbeds_english!P23*2.471),O23) -> 298 | Q23: =+IF(O23>0,INT(Fuelbeds_english!Q23*0.3048),O23) -> 15 | R23: =+IF(O23>0,INT(Fuelbeds_english!R23*0.3048),O23) -> 4 | S23: =+IF(O23>0,INT(Fuelbeds_english!S23*2.54),O23) -> 17 | T23: 29027 | U23: Swietenia macrophylla | V23: 100 | W23: 1 | X23: 5 | Y23: 47 | Z23: =+IF(Y23>0,FIXED(Fuelbeds_english!Z23*0.3048,1,0),Y23) -> 1.6 | AA23: 85 | AB23: 19092 | AC23: Ficus aurea | AD23: 100 | AE23: 23.3 | AF23: =+IF(AE23>0,FIXED(Fuelbeds_english!AF23*0.3048,1,0),AE23) -> 0.2 | AG23: 0 | AH23: =+IF(AE23>0,FIXED(Fuelbeds_english!AH23*2.242,1,0),AE23) -> 0.7 | AI23: 41976 | AJ23: Oryza sativa | AK23: 100 | AL23: 52 | AM23: =+IF(AL23>0,FIXED(Fuelbeds_english!AM23*2.54,1,0),AL23) -> 3.6 | AN23: =+IF($AM23>0,FIXED(Fuelbeds_english!AN23*2.242,1,0),$AM23) -> 0.6 | AO23: =+IF($AM23>0,FIXED(Fuelbeds_english!AO23*2.242,1,0),$AM23) -> 2.2 | AP23: =+IF($AM23>0,FIXED(Fuelbeds_english!AP23*2.242,1,0),$AM23) -> 2.8 | AQ23: =+IF($AM23>0,FIXED(Fuelbeds_english!AQ23*2.242,1,0),$AM23) -> 8.1 | AR23: 29027 | AS23: Swietenia macrophylla | AT23: 100 | AU23: -1 | AV23: =+IF(AU23>0,FIXED(Fuelbeds_english!AV23*2.54,1,0),AU23) -> -1 | AW23: -1 | AX23: -1 | AY23: =+IF(AX23>0,FIXED(Fuelbeds_english!AY23*2.54,1,0),AX23) -> -1 | AZ23: 1 | BA23: 100 | BB23: =+IF(BA23>0,FIXED(Fuelbeds_english!BB23*2.54,1,0),BA23) -> 2.8 | BC23: -1 | BD23: -1 | BE23: -1 | BF23: -1 | BG23: 100 | BH23: -1 | BI23: -1 | BJ23: 1 | BK23: 100 | BL23: =+IF(BK23>0,FIXED(Fuelbeds_english!BL23*2.54,1,0),BK23) -> 1.8 | BM23: 3 | BN23: 100 | BO23: =+IF(BN23>0,FIXED(Fuelbeds_english!BO23*2.54,1,0),BN23) -> 1.8
A24: 23 | B24: 1032a | C24: 911032 | D24: 1 - Trop/Sub Moist Broadleaf Forest | E24: 32 - Mosaic Vegetation/Crops: maize | F24: 16 | G24: 9 | H24: =+IF(F24>0,INT(Fuelbeds_english!H24*2.471),F24) -> 9 | I24: =+IF(F24>0,INT(Fuelbeds_english!I24*0.3048),F24) -> 16 | J24: =+IF(F24>0,INT(Fuelbeds_english!J24*0.3048),F24) -> 8 | K24: =+IF(F24>0,INT(Fuelbeds_english!K24*2.54),F24) -> 20 | L24: 29027 | M24: Swietenia macrophylla | N24: 100 | O24: 16 | P24: =+IF(O24>0,INT(Fuelbeds_english!P24*2.471),O24) -> 64 | Q24: =+IF(O24>0,INT(Fuelbeds_english!Q24*0.3048),O24) -> 8 | R24: =+IF(O24>0,INT(Fuelbeds_english!R24*0.3048),O24) -> 2 | S24: =+IF(O24>0,INT(Fuelbeds_english!S24*2.54),O24) -> 10 | T24: 29027 | U24: Swietenia macrophylla | V24: 100 | W24: 1 | X24: 5 | Y24: 64 | Z24: =+IF(Y24>0,FIXED(Fuelbeds_english!Z24*0.3048,1,0),Y24) -> 1.6 | AA24: 85 | AB24: 19092 | AC24: Ficus aurea | AD24: 100 | AE24: 30 | AF24: =+IF(AE24>0,FIXED(Fuelbeds_english!AF24*0.3048,1,0),AE24) -> 0.2 | AG24: 0 | AH24: =+IF(AE24>0,FIXED(Fuelbeds_english!AH24*2.242,1,0),AE24) -> 0.3 | AI24: 42269 | AJ24: Zea mays | AK24: 100 | AL24: 11 | AM24: =+IF(AL24>0,FIXED(Fuelbeds_english!AM24*2.54,1,0),AL24) -> 3.6 | AN24: =+IF($AM24>0,FIXED(Fuelbeds_english!AN24*2.242,1,0),$AM24) -> 0.1 | AO24: =+IF($AM24>0,FIXED(Fuelbeds_english!AO24*2.242,1,0),$AM24) -> 0.5 | AP24: =+IF($AM24>0,FIXED(Fuelbeds_english!AP24*2.242,1,0),$AM24) -> 0.6 | AQ24: =+IF($AM24>0,FIXED(Fuelbeds_english!AQ24*2.242,1,0),$AM24) -> 1.7 | AR24: 29027 | AS24: Swietenia macrophylla | AT24: 100 | AU24: -1 | AV24: =+IF(AU24>0,FIXED(Fuelbeds_english!AV24*2.54,1,0),AU24) -> -1 | AW24: -1 | AX24: -1 | AY24: =+IF(AX24>0,FIXED(Fuelbeds_english!AY24*2.54,1,0),AX24) -> -1 | AZ24: 1 | BA24: 21 | BB24: =+IF(BA24>0,FIXED(Fuelbeds_english!BB24*2.54,1,0),BA24) -> 2.8 | BC24: -1 | BD24: -1 | BE24: -1 | BF24: -1 | BG24: 100 | BH24: -1 | BI24: -1 | BJ24: 1 | BK24: 21 | BL24: =+IF(BK24>0,FIXED(Fuelbeds_english!BL24*2.54,1,0),BK24) -> 1.8 | BM24: 3 | BN24: 21 | BO24: =+IF(BN24>0,FIXED(Fuelbeds_english!BO24*2.54,1,0),BN24) -> 1.8
A25: 24 | B25: 1032b | C25: 921032 | D25: 1 - Trop/Sub Moist Broadleaf Forest | E25: 32 - Mosaic Vegetation/Crops: maize | F25: 53 | G25: 28 | H25: =+IF(F25>0,INT(Fuelbeds_english!H25*2.471),F25) -> 32 | I25: =+IF(F25>0,INT(Fuelbeds_english!I25*0.3048),F25) -> 22 | J25: =+IF(F25>0,INT(Fuelbeds_english!J25*0.3048),F25) -> 11 | K25: =+IF(F25>0,INT(Fuelbeds_english!K25*2.54),F25) -> 33 | L25: 29027 | M25: Swietenia macrophylla | N25: 100 | O25: 53 | P25: =+IF(O25>0,INT(Fuelbeds_english!P25*2.471),O25) -> 207 | Q25: =+IF(O25>0,INT(Fuelbeds_english!Q25*0.3048),O25) -> 11 | R25: =+IF(O25>0,INT(Fuelbeds_english!R25*0.3048),O25) -> 3 | S25: =+IF(O25>0,INT(Fuelbeds_english!S25*2.54),O25) -> 10 | T25: 29027 | U25: Swietenia macrophylla | V25: 100 | W25: 1 | X25: 5 | Y25: 49 | Z25: =+IF(Y25>0,FIXED(Fuelbeds_english!Z25*0.3048,1,0),Y25) -> 1.6 | AA25: 85 | AB25: 19092 | AC25: Ficus aurea | AD25: 100 | AE25: 30 | AF25: =+IF(AE25>0,FIXED(Fuelbeds_english!AF25*0.3048,1,0),AE25) -> 0.2 | AG25: 0 | AH25: =+IF(AE25>0,FIXED(Fuelbeds_english!AH25*2.242,1,0),AE25) -> 0.3 | AI25: 42269 | AJ25: Zea mays | AK25: 100 | AL25: 36 | AM25: =+IF(AL25>0,FIXED(Fuelbeds_english!AM25*2.54,1,0),AL25) -> 3.6 | AN25: =+IF($AM25>0,FIXED(Fuelbeds_english!AN25*2.242,1,0),$AM25) -> 0.4 | AO25: =+IF($AM25>0,FIXED(Fuelbeds_english!AO25*2.242,1,0),$AM25) -> 1.6 | AP25: =+IF($AM25>0,FIXED(Fuelbeds_english!AP25*2.242,1,0),$AM25) -> 1.9 | AQ25: =+IF($AM25>0,FIXED(Fuelbeds_english!AQ25*2.242,1,0),$AM25) -> 5.6 | AR25: 29027 | AS25: Swietenia macrophylla | AT25: 100 | AU25: -1 | AV25: =+IF(AU25>0,FIXED(Fuelbeds_english!AV25*2.54,1,0),AU25) -> -1 | AW25: -1 | AX25: -1 | AY25: =+IF(AX25>0,FIXED(Fuelbeds_english!AY25*2.54,1,0),AX25) -> -1 | AZ25: 1 | BA25: 69 | BB25: =+IF(BA25>0,FIXED(Fuelbeds_english!BB25*2.54,1,0),BA25) -> 2.8 | BC25: -1 | BD25: -1 | BE25: -1 | BF25: -1 | BG25: 100 | BH25: -1 | BI25: -1 | BJ25: 1 | BK25: 69 | BL25: =+IF(BK25>0,FIXED(Fuelbeds_english!BL25*2.54,1,0),BK25) -> 1.8 | BM25: 3 | BN25: 69 | BO25: =+IF(BN25>0,FIXED(Fuelbeds_english!BO25*2.54,1,0),BN25) -> 1.8
A26: 25 | B26: 1032c | C26: 931032 | D26: 1 - Trop/Sub Moist Broadleaf Forest | E26: 32 - Mosaic Vegetation/Crops: maize | F26: 76 | G26: 40 | H26: =+IF(F26>0,INT(Fuelbeds_english!H26*2.471),F26) -> 46 | I26: =+IF(F26>0,INT(Fuelbeds_english!I26*0.3048),F26) -> 29 | J26: =+IF(F26>0,INT(Fuelbeds_english!J26*0.3048),F26) -> 15 | K26: =+IF(F26>0,INT(Fuelbeds_english!K26*2.54),F26) -> 58 | L26: 29027 | M26: Swietenia macrophylla | N26: 100 | O26: 76 | P26: =+IF(O26>0,INT(Fuelbeds_english!P26*2.471),O26) -> 296 | Q26: =+IF(O26>0,INT(Fuelbeds_english!Q26*0.3048),O26) -> 15 | R26: =+IF(O26>0,INT(Fuelbeds_english!R26*0.3048),O26) -> 5 | S26: =+IF(O26>0,INT(Fuelbeds_english!S26*2.54),O26) -> 17 | T26: 29027 | U26: Swietenia macrophylla | V26: 100 | W26: 1 | X26: 5 | Y26: 46 | Z26: =+IF(Y26>0,FIXED(Fuelbeds_english!Z26*0.3048,1,0),Y26) -> 1.6 | AA26: 85 | AB26: 19092 | AC26: Ficus aurea | AD26: 100 | AE26: 23.9 | AF26: =+IF(AE26>0,FIXED(Fuelbeds_english!AF26*0.3048,1,0),AE26) -> 0.2 | AG26: 0 | AH26: =+IF(AE26>0,FIXED(Fuelbeds_english!AH26*2.242,1,0),AE26) -> 0.2 | AI26: 42269 | AJ26: Zea mays | AK26: 100 | AL26: 51 | AM26: =+IF(AL26>0,FIXED(Fuelbeds_english!AM26*2.54,1,0),AL26) -> 3.6 | AN26: =+IF($AM26>0,FIXED(Fuelbeds_english!AN26*2.242,1,0),$AM26) -> 0.6 | AO26: =+IF($AM26>0,FIXED(Fuelbeds_english!AO26*2.242,1,0),$AM26) -> 2.2 | AP26: =+IF($AM26>0,FIXED(Fuelbeds_english!AP26*2.242,1,0),$AM26) -> 2.7 | AQ26: =+IF($AM26>0,FIXED(Fuelbeds_english!AQ26*2.242,1,0),$AM26) -> 8.1 | AR26: 29027 | AS26: Swietenia macrophylla | AT26: 100 | AU26: -1 | AV26: =+IF(AU26>0,FIXED(Fuelbeds_english!AV26*2.54,1,0),AU26) -> -1 | AW26: -1 | AX26: -1 | AY26: =+IF(AX26>0,FIXED(Fuelbeds_english!AY26*2.54,1,0),AX26) -> -1 | AZ26: 1 | BA26: 99 | BB26: =+IF(BA26>0,FIXED(Fuelbeds_english!BB26*2.54,1,0),BA26) -> 2.8 | BC26: -1 | BD26: -1 | BE26: -1 | BF26: -1 | BG26: 100 | BH26: -1 | BI26: -1 | BJ26: 1 | BK26: 99 | BL26: =+IF(BK26>0,FIXED(Fuelbeds_english!BL26*2.54,1,0),BK26) -> 1.8 | BM26: 3 | BN26: 99 | BO26: =+IF(BN26>0,FIXED(Fuelbeds_english!BO26*2.54,1,0),BN26) -> 1.8
A27: 26 | B27: 1033 | C27: 1033 | D27: 1 - Trop/Sub Moist Broadleaf Forest | E27: 33 - Mosaic Vegetation/Crops: soybean | F27: 14 | G27: 7 | H27: =+IF(F27>0,INT(Fuelbeds_english!H27*2.471),F27) -> 7 | I27: =+IF(F27>0,INT(Fuelbeds_english!I27*0.3048),F27) -> 13 | J27: =+IF(F27>0,INT(Fuelbeds_english!J27*0.3048),F27) -> 7 | K27: =+IF(F27>0,INT(Fuelbeds_english!K27*2.54),F27) -> 12 | L27: 29027 | M27: Swietenia macrophylla | N27: 100 | O27: 14 | P27: =+IF(O27>0,INT(Fuelbeds_english!P27*2.471),O27) -> 54 | Q27: =+IF(O27>0,INT(Fuelbeds_english!Q27*0.3048),O27) -> 7 | R27: =+IF(O27>0,INT(Fuelbeds_english!R27*0.3048),O27) -> 2 | S27: =+IF(O27>0,INT(Fuelbeds_english!S27*2.54),O27) -> 7 | T27: 29027 | U27: Swietenia macrophylla | V27: 100 | W27: 1 | X27: 5 | Y27: 65 | Z27: =+IF(Y27>0,FIXED(Fuelbeds_english!Z27*0.3048,1,0),Y27) -> 1.6 | AA27: 85 | AB27: 19092 | AC27: Ficus aurea | AD27: 100 | AE27: 30 | AF27: =+IF(AE27>0,FIXED(Fuelbeds_english!AF27*0.3048,1,0),AE27) -> 0.2 | AG27: 0 | AH27: =+IF(AE27>0,FIXED(Fuelbeds_english!AH27*2.242,1,0),AE27) -> 0.1 | AI27: 26716 | AJ27: Glycine max | AK27: 100 | AL27: 9 | AM27: =+IF(AL27>0,FIXED(Fuelbeds_english!AM27*2.54,1,0),AL27) -> 3.6 | AN27: =+IF($AM27>0,FIXED(Fuelbeds_english!AN27*2.242,1,0),$AM27) -> 0.1 | AO27: =+IF($AM27>0,FIXED(Fuelbeds_english!AO27*2.242,1,0),$AM27) -> 0.4 | AP27: =+IF($AM27>0,FIXED(Fuelbeds_english!AP27*2.242,1,0),$AM27) -> 0.5 | AQ27: =+IF($AM27>0,FIXED(Fuelbeds_english!AQ27*2.242,1,0),$AM27) -> 1.5 | AR27: 29027 | AS27: Swietenia macrophylla | AT27: 100 | AU27: -1 | AV27: =+IF(AU27>0,FIXED(Fuelbeds_english!AV27*2.54,1,0),AU27) -> -1 | AW27: -1 | AX27: -1 | AY27: =+IF(AX27>0,FIXED(Fuelbeds_english!AY27*2.54,1,0),AX27) -> -1 | AZ27: 1 | BA27: 18 | BB27: =+IF(BA27>0,FIXED(Fuelbeds_english!BB27*2.54,1,0),BA27) -> 2.8 | BC27: -1 | BD27: -1 | BE27: -1 | BF27: -1 | BG27: 100 | BH27: -1 | BI27: -1 | BJ27: 1 | BK27: 18 | BL27: =+IF(BK27>0,FIXED(Fuelbeds_english!BL27*2.54,1,0),BK27) -> 1.8 | BM27: 3 | BN27: 18 | BO27: =+IF(BN27>0,FIXED(Fuelbeds_english!BO27*2.54,1,0),BN27) -> 1.8
A28: 27 | B28: 1036 | C28: 1036 | D28: 1 - Trop/Sub Moist Broadleaf Forest | E28: 36 - Mosaic Vegetation/Crops: beans | F28: 28 | G28: 14 | H28: =+IF(F28>0,INT(Fuelbeds_english!H28*2.471),F28) -> 17 | I28: =+IF(F28>0,INT(Fuelbeds_english!I28*0.3048),F28) -> 17 | J28: =+IF(F28>0,INT(Fuelbeds_english!J28*0.3048),F28) -> 8 | K28: =+IF(F28>0,INT(Fuelbeds_english!K28*2.54),F28) -> 20 | L28: 29027 | M28: Swietenia macrophylla | N28: 100 | O28: 28 | P28: =+IF(O28>0,INT(Fuelbeds_english!P28*2.471),O28) -> 108 | Q28: =+IF(O28>0,INT(Fuelbeds_english!Q28*0.3048),O28) -> 8 | R28: =+IF(O28>0,INT(Fuelbeds_english!R28*0.3048),O28) -> 2 | S28: =+IF(O28>0,INT(Fuelbeds_english!S28*2.54),O28) -> 10 | T28: 29027 | U28: Swietenia macrophylla | V28: 100 | W28: 1 | X28: 5 | Y28: 59 | Z28: =+IF(Y28>0,FIXED(Fuelbeds_english!Z28*0.3048,1,0),Y28) -> 1.6 | AA28: 85 | AB28: 19092 | AC28: Ficus aurea | AD28: 100 | AE28: 30 | AF28: =+IF(AE28>0,FIXED(Fuelbeds_english!AF28*0.3048,1,0),AE28) -> 0.1 | AG28: 0 | AH28: =+IF(AE28>0,FIXED(Fuelbeds_english!AH28*2.242,1,0),AE28) -> 0.1 | AI28: 26857 | AJ28: Phaseolus vulgaris | AK28: 100 | AL28: 19 | AM28: =+IF(AL28>0,FIXED(Fuelbeds_english!AM28*2.54,1,0),AL28) -> 3.6 | AN28: =+IF($AM28>0,FIXED(Fuelbeds_english!AN28*2.242,1,0),$AM28) -> 0.2 | AO28: =+IF($AM28>0,FIXED(Fuelbeds_english!AO28*2.242,1,0),$AM28) -> 0.8 | AP28: =+IF($AM28>0,FIXED(Fuelbeds_english!AP28*2.242,1,0),$AM28) -> 1.0 | AQ28: =+IF($AM28>0,FIXED(Fuelbeds_english!AQ28*2.242,1,0),$AM28) -> 2.9 | AR28: 29027 | AS28: Swietenia macrophylla | AT28: 100 | AU28: -1 | AV28: =+IF(AU28>0,FIXED(Fuelbeds_english!AV28*2.54,1,0),AU28) -> -1 | AW28: -1 | AX28: -1 | AY28: =+IF(AX28>0,FIXED(Fuelbeds_english!AY28*2.54,1,0),AX28) -> -1 | AZ28: 1 | BA28: 36 | BB28: =+IF(BA28>0,FIXED(Fuelbeds_english!BB28*2.54,1,0),BA28) -> 2.8 | BC28: -1 | BD28: -1 | BE28: -1 | BF28: -1 | BG28: 100 | BH28: -1 | BI28: -1 | BJ28: 1 | BK28: 36 | BL28: =+IF(BK28>0,FIXED(Fuelbeds_english!BL28*2.54,1,0),BK28) -> 1.8 | BM28: 3 | BN28: 36 | BO28: =+IF(BN28>0,FIXED(Fuelbeds_english!BO28*2.54,1,0),BN28) -> 1.8
A29: 28 | B29: 1037a | C29: 911037 | D29: 1 - Trop/Sub Moist Broadleaf Forest | E29: 37 - Mosaic Vegetation/Crops: tubers | F29: 19 | G29: 10 | H29: =+IF(F29>0,INT(Fuelbeds_english!H29*2.471),F29) -> 12 | I29: =+IF(F29>0,INT(Fuelbeds_english!I29*0.3048),F29) -> 23 | J29: =+IF(F29>0,INT(Fuelbeds_english!J29*0.3048),F29) -> 12 | K29: =+IF(F29>0,INT(Fuelbeds_english!K29*2.54),F29) -> 38 | L29: 29027 | M29: Swietenia macrophylla | N29: 100 | O29: 19 | P29: =+IF(O29>0,INT(Fuelbeds_english!P29*2.471),O29) -> 74 | Q29: =+IF(O29>0,INT(Fuelbeds_english!Q29*0.3048),O29) -> 12 | R29: =+IF(O29>0,INT(Fuelbeds_english!R29*0.3048),O29) -> 3 | S29: =+IF(O29>0,INT(Fuelbeds_english!S29*2.54),O29) -> 10 | T29: 29027 | U29: Swietenia macrophylla | V29: 100 | W29: 1 | X29: 5 | Y29: 63 | Z29: =+IF(Y29>0,FIXED(Fuelbeds_english!Z29*0.3048,1,0),Y29) -> 1.6 | AA29: 85 | AB29: 19092 | AC29: Ficus aurea | AD29: 100 | AE29: 30 | AF29: =+IF(AE29>0,FIXED(Fuelbeds_english!AF29*0.3048,1,0),AE29) -> 0.0 | AG29: 0 | AH29: =+IF(AE29>0,FIXED(Fuelbeds_english!AH29*2.242,1,0),AE29) -> 0.0 | AI29: 505272 | AJ29: Solanum tuberosum | AK29: 100 | AL29: 13 | AM29: =+IF(AL29>0,FIXED(Fuelbeds_english!AM29*2.54,1,0),AL29) -> 3.6 | AN29: =+IF($AM29>0,FIXED(Fuelbeds_english!AN29*2.242,1,0),$AM29) -> 0.2 | AO29: =+IF($AM29>0,FIXED(Fuelbeds_english!AO29*2.242,1,0),$AM29) -> 0.6 | AP29: =+IF($AM29>0,FIXED(Fuelbeds_english!AP29*2.242,1,0),$AM29) -> 0.7 | AQ29: =+IF($AM29>0,FIXED(Fuelbeds_english!AQ29*2.242,1,0),$AM29) -> 2.0 | AR29: 29027 | AS29: Swietenia macrophylla | AT29: 100 | AU29: -1 | AV29: =+IF(AU29>0,FIXED(Fuelbeds_english!AV29*2.54,1,0),AU29) -> -1 | AW29: -1 | AX29: -1 | AY29: =+IF(AX29>0,FIXED(Fuelbeds_english!AY29*2.54,1,0),AX29) -> -1 | AZ29: 1 | BA29: 25 | BB29: =+IF(BA29>0,FIXED(Fuelbeds_english!BB29*2.54,1,0),BA29) -> 2.8 | BC29: -1 | BD29: -1 | BE29: -1 | BF29: -1 | BG29: 100 | BH29: -1 | BI29: -1 | BJ29: 1 | BK29: 25 | BL29: =+IF(BK29>0,FIXED(Fuelbeds_english!BL29*2.54,1,0),BK29) -> 1.8 | BM29: 3 | BN29: 25 | BO29: =+IF(BN29>0,FIXED(Fuelbeds_english!BO29*2.54,1,0),BN29) -> 1.8
A30: 29 | B30: 1037b | C30: 921037 | D30: 1 - Trop/Sub Moist Broadleaf Forest | E30: 37 - Mosaic Vegetation/Crops: tubers | F30: 69 | G30: 36 | H30: =+IF(F30>0,INT(Fuelbeds_english!H30*2.471),F30) -> 42 | I30: =+IF(F30>0,INT(Fuelbeds_english!I30*0.3048),F30) -> 30 | J30: =+IF(F30>0,INT(Fuelbeds_english!J30*0.3048),F30) -> 16 | K30: =+IF(F30>0,INT(Fuelbeds_english!K30*2.54),F30) -> 63 | L30: 29027 | M30: Swietenia macrophylla | N30: 100 | O30: 69 | P30: =+IF(O30>0,INT(Fuelbeds_english!P30*2.471),O30) -> 269 | Q30: =+IF(O30>0,INT(Fuelbeds_english!Q30*0.3048),O30) -> 16 | R30: =+IF(O30>0,INT(Fuelbeds_english!R30*0.3048),O30) -> 5 | S30: =+IF(O30>0,INT(Fuelbeds_english!S30*2.54),O30) -> 17 | T30: 29027 | U30: Swietenia macrophylla | V30: 100 | W30: 1 | X30: 5 | Y30: 43 | Z30: =+IF(Y30>0,FIXED(Fuelbeds_english!Z30*0.3048,1,0),Y30) -> 1.6 | AA30: 85 | AB30: 19092 | AC30: Ficus aurea | AD30: 100 | AE30: 30 | AF30: =+IF(AE30>0,FIXED(Fuelbeds_english!AF30*0.3048,1,0),AE30) -> 0.0 | AG30: 0 | AH30: =+IF(AE30>0,FIXED(Fuelbeds_english!AH30*2.242,1,0),AE30) -> 0.0 | AI30: 505272 | AJ30: Solanum tuberosum | AK30: 100 | AL30: 47 | AM30: =+IF(AL30>0,FIXED(Fuelbeds_english!AM30*2.54,1,0),AL30) -> 3.6 | AN30: =+IF($AM30>0,FIXED(Fuelbeds_english!AN30*2.242,1,0),$AM30) -> 0.6 | AO30: =+IF($AM30>0,FIXED(Fuelbeds_english!AO30*2.242,1,0),$AM30) -> 2.0 | AP30: =+IF($AM30>0,FIXED(Fuelbeds_english!AP30*2.242,1,0),$AM30) -> 2.5 | AQ30: =+IF($AM30>0,FIXED(Fuelbeds_english!AQ30*2.242,1,0),$AM30) -> 7.3 | AR30: 29027 | AS30: Swietenia macrophylla | AT30: 100 | AU30: -1 | AV30: =+IF(AU30>0,FIXED(Fuelbeds_english!AV30*2.54,1,0),AU30) -> -1 | AW30: -1 | AX30: -1 | AY30: =+IF(AX30>0,FIXED(Fuelbeds_english!AY30*2.54,1,0),AX30) -> -1 | AZ30: 1 | BA30: 90 | BB30: =+IF(BA30>0,FIXED(Fuelbeds_english!BB30*2.54,1,0),BA30) -> 2.8 | BC30: -1 | BD30: -1 | BE30: -1 | BF30: -1 | BG30: 100 | BH30: -1 | BI30: -1 | BJ30: 1 | BK30: 90 | BL30: =+IF(BK30>0,FIXED(Fuelbeds_english!BL30*2.54,1,0),BK30) -> 1.8 | BM30: 3 | BN30: 90 | BO30: =+IF(BN30>0,FIXED(Fuelbeds_english!BO30*2.54,1,0),BN30) -> 1.8
A31: 30 | B31: 1039a | C31: 911039 | D31: 1 - Trop/Sub Moist Broadleaf Forest | E31: 39 - Mosaic Vegetation/Crops: sugarcane | F31: 13 | G31: 7 | H31: =+IF(F31>0,INT(Fuelbeds_english!H31*2.471),F31) -> 7 | I31: =+IF(F31>0,INT(Fuelbeds_english!I31*0.3048),F31) -> 14 | J31: =+IF(F31>0,INT(Fuelbeds_english!J31*0.3048),F31) -> 7 | K31: =+IF(F31>0,INT(Fuelbeds_english!K31*2.54),F31) -> 15 | L31: 29027 | M31: Swietenia macrophylla | N31: 100 | O31: 13 | P31: =+IF(O31>0,INT(Fuelbeds_english!P31*2.471),O31) -> 51 | Q31: =+IF(O31>0,INT(Fuelbeds_english!Q31*0.3048),O31) -> 7 | R31: =+IF(O31>0,INT(Fuelbeds_english!R31*0.3048),O31) -> 2 | S31: =+IF(O31>0,INT(Fuelbeds_english!S31*2.54),O31) -> 7 | T31: 29027 | U31: Swietenia macrophylla | V31: 100 | W31: 1 | X31: 5 | Y31: 65 | Z31: =+IF(Y31>0,FIXED(Fuelbeds_english!Z31*0.3048,1,0),Y31) -> 1.6 | AA31: 85 | AB31: 19092 | AC31: Ficus aurea | AD31: 100 | AE31: 30 | AF31: =+IF(AE31>0,FIXED(Fuelbeds_english!AF31*0.3048,1,0),AE31) -> 3.0 | AG31: 100 | AH31: =+IF(AE31>0,FIXED(Fuelbeds_english!AH31*2.242,1,0),AE31) -> 2.7 | AI31: 42058 | AJ31: Saccharum officinarum | AK31: 100 | AL31: 9 | AM31: =+IF(AL31>0,FIXED(Fuelbeds_english!AM31*2.54,1,0),AL31) -> 3.6 | AN31: =+IF($AM31>0,FIXED(Fuelbeds_english!AN31*2.242,1,0),$AM31) -> 0.1 | AO31: =+IF($AM31>0,FIXED(Fuelbeds_english!AO31*2.242,1,0),$AM31) -> 0.4 | AP31: =+IF($AM31>0,FIXED(Fuelbeds_english!AP31*2.242,1,0),$AM31) -> 0.5 | AQ31: =+IF($AM31>0,FIXED(Fuelbeds_english!AQ31*2.242,1,0),$AM31) -> 1.4 | AR31: 29027 | AS31: Swietenia macrophylla | AT31: 100 | AU31: -1 | AV31: =+IF(AU31>0,FIXED(Fuelbeds_english!AV31*2.54,1,0),AU31) -> -1 | AW31: -1 | AX31: -1 | AY31: =+IF(AX31>0,FIXED(Fuelbeds_english!AY31*2.54,1,0),AX31) -> -1 | AZ31: 1 | BA31: 17 | BB31: =+IF(BA31>0,FIXED(Fuelbeds_english!BB31*2.54,1,0),BA31) -> 2.8 | BC31: -1 | BD31: -1 | BE31: -1 | BF31: -1 | BG31: 100 | BH31: -1 | BI31: -1 | BJ31: 1 | BK31: 17 | BL31: =+IF(BK31>0,FIXED(Fuelbeds_english!BL31*2.54,1,0),BK31) -> 1.8 | BM31: 3 | BN31: 17 | BO31: =+IF(BN31>0,FIXED(Fuelbeds_english!BO31*2.54,1,0),BN31) -> 1.8
A32: 31 | B32: 1039b | C32: 921039 | D32: 1 - Trop/Sub Moist Broadleaf Forest | E32: 39 - Mosaic Vegetation/Crops: sugarcane | F32: 60 | G32: 31 | H32: =+IF(F32>0,INT(Fuelbeds_english!H32*2.471),F32) -> 37 | I32: =+IF(F32>0,INT(Fuelbeds_english!I32*0.3048),F32) -> 23 | J32: =+IF(F32>0,INT(Fuelbeds_english!J32*0.3048),F32) -> 12 | K32: =+IF(F32>0,INT(Fuelbeds_english!K32*2.54),F32) -> 38 | L32: 29027 | M32: Swietenia macrophylla | N32: 100 | O32: 60 | P32: =+IF(O32>0,INT(Fuelbeds_english!P32*2.471),O32) -> 232 | Q32: =+IF(O32>0,INT(Fuelbeds_english!Q32*0.3048),O32) -> 12 | R32: =+IF(O32>0,INT(Fuelbeds_english!R32*0.3048),O32) -> 3 | S32: =+IF(O32>0,INT(Fuelbeds_english!S32*2.54),O32) -> 10 | T32: 29027 | U32: Swietenia macrophylla | V32: 100 | W32: 1 | X32: 5 | Y32: 47 | Z32: =+IF(Y32>0,FIXED(Fuelbeds_english!Z32*0.3048,1,0),Y32) -> 1.6 | AA32: 85 | AB32: 19092 | AC32: Ficus aurea | AD32: 100 | AE32: 30 | AF32: =+IF(AE32>0,FIXED(Fuelbeds_english!AF32*0.3048,1,0),AE32) -> 3.0 | AG32: 100 | AH32: =+IF(AE32>0,FIXED(Fuelbeds_english!AH32*2.242,1,0),AE32) -> 2.7 | AI32: 42058 | AJ32: Saccharum officinarum | AK32: 100 | AL32: 40 | AM32: =+IF(AL32>0,FIXED(Fuelbeds_english!AM32*2.54,1,0),AL32) -> 3.6 | AN32: =+IF($AM32>0,FIXED(Fuelbeds_english!AN32*2.242,1,0),$AM32) -> 0.5 | AO32: =+IF($AM32>0,FIXED(Fuelbeds_english!AO32*2.242,1,0),$AM32) -> 1.7 | AP32: =+IF($AM32>0,FIXED(Fuelbeds_english!AP32*2.242,1,0),$AM32) -> 2.2 | AQ32: =+IF($AM32>0,FIXED(Fuelbeds_english!AQ32*2.242,1,0),$AM32) -> 6.3 | AR32: 29027 | AS32: Swietenia macrophylla | AT32: 100 | AU32: -1 | AV32: =+IF(AU32>0,FIXED(Fuelbeds_english!AV32*2.54,1,0),AU32) -> -1 | AW32: -1 | AX32: -1 | AY32: =+IF(AX32>0,FIXED(Fuelbeds_english!AY32*2.54,1,0),AX32) -> -1 | AZ32: 1 | BA32: 78 | BB32: =+IF(BA32>0,FIXED(Fuelbeds_english!BB32*2.54,1,0),BA32) -> 2.8 | BC32: -1 | BD32: -1 | BE32: -1 | BF32: -1 | BG32: 100 | BH32: -1 | BI32: -1 | BJ32: 1 | BK32: 78 | BL32: =+IF(BK32>0,FIXED(Fuelbeds_english!BL32*2.54,1,0),BK32) -> 1.8 | BM32: 3 | BN32: 78 | BO32: =+IF(BN32>0,FIXED(Fuelbeds_english!BO32*2.54,1,0),BN32) -> 1.8
A33: 32 | B33: 1040a | C33: 911040 | D33: 1 - Trop/Sub Moist Broadleaf Forest | E33: 40 - Broadleaf evergreen or semidec. trees | F33: 21.7 | G33: 11.272727 | H33: =+IF(F33>0,INT(Fuelbeds_english!H33*2.471),F33) -> 13 | I33: =+IF(F33>0,INT(Fuelbeds_english!I33*0.3048),F33) -> 24 | J33: =+IF(F33>0,INT(Fuelbeds_english!J33*0.3048),F33) -> 12 | K33: =+IF(F33>0,INT(Fuelbeds_english!K33*2.54),F33) -> 63 | L33: 29027 | M33: Swietenia macrophylla | N33: 100 | O33: 21.7 | P33: =+IF(O33>0,INT(Fuelbeds_english!P33*2.471),O33) -> 84 | Q33: =+IF(O33>0,INT(Fuelbeds_english!Q33*0.3048),O33) -> 12 | R33: =+IF(O33>0,INT(Fuelbeds_english!R33*0.3048),O33) -> 4 | S33: =+IF(O33>0,INT(Fuelbeds_english!S33*2.54),O33) -> 14 | T33: 29027 | U33: Swietenia macrophylla | V33: 100 | W33: 1 | X33: 5 | Y33: 46.666667 | Z33: =+IF(Y33>0,FIXED(Fuelbeds_english!Z33*0.3048,1,0),Y33) -> 1.6 | AA33: 85 | AB33: 19092 | AC33: Ficus aurea | AD33: 100 | AE33: 50 | AF33: =+IF(AE33>0,FIXED(Fuelbeds_english!AF33*0.3048,1,0),AE33) -> 0.3 | AG33: 85 | AH33: =+IF(AE33>0,FIXED(Fuelbeds_english!AH33*2.242,1,0),AE33) -> 0.1 | AI33: 40450 | AJ33: Andropogon spp. | AK33: 100 | AL33: 14.686971 | AM33: =+IF(AL33>0,FIXED(Fuelbeds_english!AM33*2.54,1,0),AL33) -> 3.6 | AN33: =+IF($AM33>0,FIXED(Fuelbeds_english!AN33*2.242,1,0),$AM33) -> 0.2 | AO33: =+IF($AM33>0,FIXED(Fuelbeds_english!AO33*2.242,1,0),$AM33) -> 0.6 | AP33: =+IF($AM33>0,FIXED(Fuelbeds_english!AP33*2.242,1,0),$AM33) -> 0.8 | AQ33: =+IF($AM33>0,FIXED(Fuelbeds_english!AQ33*2.242,1,0),$AM33) -> 2.3 | AR33: 29027 | AS33: Swietenia macrophylla | AT33: 100 | AU33: -1 | AV33: =+IF(AU33>0,FIXED(Fuelbeds_english!AV33*2.54,1,0),AU33) -> -1 | AW33: -1 | AX33: -1 | AY33: =+IF(AX33>0,FIXED(Fuelbeds_english!AY33*2.54,1,0),AX33) -> -1 | AZ33: 1 | BA33: 28.181818 | BB33: =+IF(BA33>0,FIXED(Fuelbeds_english!BB33*2.54,1,0),BA33) -> 2.8 | BC33: -1 | BD33: -1 | BE33: -1 | BF33: -1 | BG33: 100 | BH33: -1 | BI33: -1 | BJ33: 1 | BK33: 28.181818 | BL33: =+IF(BK33>0,FIXED(Fuelbeds_english!BL33*2.54,1,0),BK33) -> 1.8 | BM33: 3 | BN33: 28.181818 | BO33: =+IF(BN33>0,FIXED(Fuelbeds_english!BO33*2.54,1,0),BN33) -> 1.8
A34: 33 | B34: 1040b | C34: 921040 | D34: 1 - Trop/Sub Moist Broadleaf Forest | E34: 40 - Broadleaf evergreen or semidec. trees | F34: 59.1 | G34: 30.701299 | H34: =+IF(F34>0,INT(Fuelbeds_english!H34*2.471),F34) -> 35 | I34: =+IF(F34>0,INT(Fuelbeds_english!I34*0.3048),F34) -> 29 | J34: =+IF(F34>0,INT(Fuelbeds_english!J34*0.3048),F34) -> 15 | K34: =+IF(F34>0,INT(Fuelbeds_english!K34*2.54),F34) -> 75 | L34: 29027 | M34: Swietenia macrophylla | N34: 100 | O34: 59.1 | P34: =+IF(O34>0,INT(Fuelbeds_english!P34*2.471),O34) -> 230 | Q34: =+IF(O34>0,INT(Fuelbeds_english!Q34*0.3048),O34) -> 15 | R34: =+IF(O34>0,INT(Fuelbeds_english!R34*0.3048),O34) -> 4 | S34: =+IF(O34>0,INT(Fuelbeds_english!S34*2.54),O34) -> 17 | T34: 29027 | U34: Swietenia macrophylla | V34: 100 | W34: 1 | X34: 5 | Y34: 46.666667 | Z34: =+IF(Y34>0,FIXED(Fuelbeds_english!Z34*0.3048,1,0),Y34) -> 1.6 | AA34: 85 | AB34: 19092 | AC34: Ficus aurea | AD34: 100 | AE34: 50 | AF34: =+IF(AE34>0,FIXED(Fuelbeds_english!AF34*0.3048,1,0),AE34) -> 0.3 | AG34: 85 | AH34: =+IF(AE34>0,FIXED(Fuelbeds_english!AH34*2.242,1,0),AE34) -> 0.1 | AI34: 40450 | AJ34: Andropogon spp. | AK34: 100 | AL34: 40 | AM34: =+IF(AL34>0,FIXED(Fuelbeds_english!AM34*2.54,1,0),AL34) -> 3.6 | AN34: =+IF($AM34>0,FIXED(Fuelbeds_english!AN34*2.242,1,0),$AM34) -> 0.5 | AO34: =+IF($AM34>0,FIXED(Fuelbeds_english!AO34*2.242,1,0),$AM34) -> 1.7 | AP34: =+IF($AM34>0,FIXED(Fuelbeds_english!AP34*2.242,1,0),$AM34) -> 2.1 | AQ34: =+IF($AM34>0,FIXED(Fuelbeds_english!AQ34*2.242,1,0),$AM34) -> 6.3 | AR34: 29027 | AS34: Swietenia macrophylla | AT34: 100 | AU34: -1 | AV34: =+IF(AU34>0,FIXED(Fuelbeds_english!AV34*2.54,1,0),AU34) -> -1 | AW34: -1 | AX34: -1 | AY34: =+IF(AX34>0,FIXED(Fuelbeds_english!AY34*2.54,1,0),AX34) -> -1 | AZ34: 1 | BA34: 76.753247 | BB34: =+IF(BA34>0,FIXED(Fuelbeds_english!BB34*2.54,1,0),BA34) -> 2.8 | BC34: -1 | BD34: -1 | BE34: -1 | BF34: -1 | BG34: 100 | BH34: -1 | BI34: -1 | BJ34: 1 | BK34: 76.753247 | BL34: =+IF(BK34>0,FIXED(Fuelbeds_english!BL34*2.54,1,0),BK34) -> 1.8 | BM34: 3 | BN34: 76.753247 | BO34: =+IF(BN34>0,FIXED(Fuelbeds_english!BO34*2.54,1,0),BN34) -> 1.8
A35: 34 | B35: 1040c | C35: 931040 | D35: 1 - Trop/Sub Moist Broadleaf Forest | E35: 40 - Broadleaf evergreen or semidec. trees | F35: 78.3 | G35: 40.675325 | H35: =+IF(F35>0,INT(Fuelbeds_english!H35*2.471),F35) -> 47 | I35: =+IF(F35>0,INT(Fuelbeds_english!I35*0.3048),F35) -> 32 | J35: =+IF(F35>0,INT(Fuelbeds_english!J35*0.3048),F35) -> 17 | K35: =+IF(F35>0,INT(Fuelbeds_english!K35*2.54),F35) -> 84 | L35: 29027 | M35: Swietenia macrophylla | N35: 100 | O35: 78.3 | P35: =+IF(O35>0,INT(Fuelbeds_english!P35*2.471),O35) -> 305 | Q35: =+IF(O35>0,INT(Fuelbeds_english!Q35*0.3048),O35) -> 16 | R35: =+IF(O35>0,INT(Fuelbeds_english!R35*0.3048),O35) -> 5 | S35: =+IF(O35>0,INT(Fuelbeds_english!S35*2.54),O35) -> 19 | T35: 29027 | U35: Swietenia macrophylla | V35: 100 | W35: 1 | X35: 5 | Y35: 46.666667 | Z35: =+IF(Y35>0,FIXED(Fuelbeds_english!Z35*0.3048,1,0),Y35) -> 1.6 | AA35: 85 | AB35: 19092 | AC35: Ficus aurea | AD35: 100 | AE35: 50 | AF35: =+IF(AE35>0,FIXED(Fuelbeds_english!AF35*0.3048,1,0),AE35) -> 0.3 | AG35: 85 | AH35: =+IF(AE35>0,FIXED(Fuelbeds_english!AH35*2.242,1,0),AE35) -> 0.1 | AI35: 40450 | AJ35: Andropogon spp. | AK35: 100 | AL35: 52.994924 | AM35: =+IF(AL35>0,FIXED(Fuelbeds_english!AM35*2.54,1,0),AL35) -> 3.6 | AN35: =+IF($AM35>0,FIXED(Fuelbeds_english!AN35*2.242,1,0),$AM35) -> 0.6 | AO35: =+IF($AM35>0,FIXED(Fuelbeds_english!AO35*2.242,1,0),$AM35) -> 2.3 | AP35: =+IF($AM35>0,FIXED(Fuelbeds_english!AP35*2.242,1,0),$AM35) -> 2.8 | AQ35: =+IF($AM35>0,FIXED(Fuelbeds_english!AQ35*2.242,1,0),$AM35) -> 8.3 | AR35: 29027 | AS35: Swietenia macrophylla | AT35: 100 | AU35: -1 | AV35: =+IF(AU35>0,FIXED(Fuelbeds_english!AV35*2.54,1,0),AU35) -> -1 | AW35: -1 | AX35: -1 | AY35: =+IF(AX35>0,FIXED(Fuelbeds_english!AY35*2.54,1,0),AX35) -> -1 | AZ35: 1 | BA35: 100 | BB35: =+IF(BA35>0,FIXED(Fuelbeds_english!BB35*2.54,1,0),BA35) -> 2.8 | BC35: -1 | BD35: -1 | BE35: -1 | BF35: -1 | BG35: 100 | BH35: -1 | BI35: -1 | BJ35: 1 | BK35: 100 | BL35: =+IF(BK35>0,FIXED(Fuelbeds_english!BL35*2.54,1,0),BK35) -> 1.8 | BM35: 3 | BN35: 100 | BO35: =+IF(BN35>0,FIXED(Fuelbeds_english!BO35*2.54,1,0),BN35) -> 1.8
A36: 35 | B36: 1061a | C36: 911061 | D36: 1 - Trop/Sub Moist Broadleaf Forest | E36: 61 - Broadleaf deciduous trees | F36: 18.2 | G36: 18.2 | H36: =+IF(F36>0,INT(Fuelbeds_english!H36*2.471),F36) -> 30 | I36: =+IF(F36>0,INT(Fuelbeds_english!I36*0.3048),F36) -> 15 | J36: =+IF(F36>0,INT(Fuelbeds_english!J36*0.3048),F36) -> 10 | K36: =+IF(F36>0,INT(Fuelbeds_english!K36*2.54),F36) -> 24 | L36: 28766 | M36: Bursera simaruba | N36: 100 | O36: 10.92 | P36: =+IF(O36>0,INT(Fuelbeds_english!P36*2.471),O36) -> 60 | Q36: =+IF(O36>0,INT(Fuelbeds_english!Q36*0.3048),O36) -> 9 | R36: =+IF(O36>0,INT(Fuelbeds_english!R36*0.3048),O36) -> 4 | S36: =+IF(O36>0,INT(Fuelbeds_english!S36*2.54),O36) -> 13 | T36: 28766 | U36: Bursera simaruba | V36: 100 | W36: 1 | X36: 3 | Y36: 51.9825 | Z36: =+IF(Y36>0,FIXED(Fuelbeds_english!Z36*0.3048,1,0),Y36) -> 2.1 | AA36: 85 | AB36: 28862 | AC36: Zanthoxylum fagara | AD36: 100 | AE36: 17 | AF36: =+IF(AE36>0,FIXED(Fuelbeds_english!AF36*0.3048,1,0),AE36) -> 0.3 | AG36: 85 | AH36: =+IF(AE36>0,FIXED(Fuelbeds_english!AH36*2.242,1,0),AE36) -> 0.2 | AI36: 40450 | AJ36: Andropogon spp. | AK36: 100 | AL36: 4.68 | AM36: =+IF(AL36>0,FIXED(Fuelbeds_english!AM36*2.54,1,0),AL36) -> 1.9 | AN36: =+IF($AM36>0,FIXED(Fuelbeds_english!AN36*2.242,1,0),$AM36) -> 0.1 | AO36: =+IF($AM36>0,FIXED(Fuelbeds_english!AO36*2.242,1,0),$AM36) -> 0.2 | AP36: =+IF($AM36>0,FIXED(Fuelbeds_english!AP36*2.242,1,0),$AM36) -> 0.5 | AQ36: =+IF($AM36>0,FIXED(Fuelbeds_english!AQ36*2.242,1,0),$AM36) -> 0.7 | AR36: 28766 | AS36: Bursera simaruba | AT36: 100 | AU36: -1 | AV36: =+IF(AU36>0,FIXED(Fuelbeds_english!AV36*2.54,1,0),AU36) -> -1 | AW36: -1 | AX36: -1 | AY36: =+IF(AX36>0,FIXED(Fuelbeds_english!AY36*2.54,1,0),AX36) -> -1 | AZ36: 1 | BA36: 18.2 | BB36: =+IF(BA36>0,FIXED(Fuelbeds_english!BB36*2.54,1,0),BA36) -> 2.5 | BC36: -1 | BD36: -1 | BE36: -1 | BF36: 100 | BG36: -1 | BH36: -1 | BI36: -1 | BJ36: 1 | BK36: 16.64 | BL36: =+IF(BK36>0,FIXED(Fuelbeds_english!BL36*2.54,1,0),BK36) -> 3.2 | BM36: 3 | BN36: 16.64 | BO36: =+IF(BN36>0,FIXED(Fuelbeds_english!BO36*2.54,1,0),BN36) -> 3.2
A37: 36 | B37: 1061b | C37: 921061 | D37: 1 - Trop/Sub Moist Broadleaf Forest | E37: 61 - Broadleaf deciduous trees | F37: 52.7 | G37: 52.7 | H37: =+IF(F37>0,INT(Fuelbeds_english!H37*2.471),F37) -> 89 | I37: =+IF(F37>0,INT(Fuelbeds_english!I37*0.3048),F37) -> 19 | J37: =+IF(F37>0,INT(Fuelbeds_english!J37*0.3048),F37) -> 13 | K37: =+IF(F37>0,INT(Fuelbeds_english!K37*2.54),F37) -> 30 | L37: 28766 | M37: Bursera simaruba | N37: 100 | O37: 31.62 | P37: =+IF(O37>0,INT(Fuelbeds_english!P37*2.471),O37) -> 174 | Q37: =+IF(O37>0,INT(Fuelbeds_english!Q37*0.3048),O37) -> 11 | R37: =+IF(O37>0,INT(Fuelbeds_english!R37*0.3048),O37) -> 5 | S37: =+IF(O37>0,INT(Fuelbeds_english!S37*2.54),O37) -> 16 | T37: 28766 | U37: Bursera simaruba | V37: 100 | W37: 1 | X37: 3 | Y37: 35.475 | Z37: =+IF(Y37>0,FIXED(Fuelbeds_english!Z37*0.3048,1,0),Y37) -> 2.1 | AA37: 85 | AB37: 28862 | AC37: Zanthoxylum fagara | AD37: 100 | AE37: 12 | AF37: =+IF(AE37>0,FIXED(Fuelbeds_english!AF37*0.3048,1,0),AE37) -> 0.3 | AG37: 85 | AH37: =+IF(AE37>0,FIXED(Fuelbeds_english!AH37*2.242,1,0),AE37) -> 0.1 | AI37: 40450 | AJ37: Andropogon spp. | AK37: 100 | AL37: 13.551429 | AM37: =+IF(AL37>0,FIXED(Fuelbeds_english!AM37*2.54,1,0),AL37) -> 1.9 | AN37: =+IF($AM37>0,FIXED(Fuelbeds_english!AN37*2.242,1,0),$AM37) -> 0.4 | AO37: =+IF($AM37>0,FIXED(Fuelbeds_english!AO37*2.242,1,0),$AM37) -> 0.5 | AP37: =+IF($AM37>0,FIXED(Fuelbeds_english!AP37*2.242,1,0),$AM37) -> 1.4 | AQ37: =+IF($AM37>0,FIXED(Fuelbeds_english!AQ37*2.242,1,0),$AM37) -> 2.0 | AR37: 28766 | AS37: Bursera simaruba | AT37: 100 | AU37: -1 | AV37: =+IF(AU37>0,FIXED(Fuelbeds_english!AV37*2.54,1,0),AU37) -> -1 | AW37: -1 | AX37: -1 | AY37: =+IF(AX37>0,FIXED(Fuelbeds_english!AY37*2.54,1,0),AX37) -> -1 | AZ37: 1 | BA37: 52.7 | BB37: =+IF(BA37>0,FIXED(Fuelbeds_english!BB37*2.54,1,0),BA37) -> 2.5 | BC37: -1 | BD37: -1 | BE37: -1 | BF37: 100 | BG37: -1 | BH37: -1 | BI37: -1 | BJ37: 1 | BK37: 48.182857 | BL37: =+IF(BK37>0,FIXED(Fuelbeds_english!BL37*2.54,1,0),BK37) -> 3.2 | BM37: 3 | BN37: 48.182857 | BO37: =+IF(BN37>0,FIXED(Fuelbeds_english!BO37*2.54,1,0),BN37) -> 3.2
A38: 37 | B38: 1061c | C38: 931061 | D38: 1 - Trop/Sub Moist Broadleaf Forest | E38: 61 - Broadleaf deciduous trees | F38: 75.8 | G38: 75.8 | H38: =+IF(F38>0,INT(Fuelbeds_english!H38*2.471),F38) -> 128 | I38: =+IF(F38>0,INT(Fuelbeds_english!I38*0.3048),F38) -> 24 | J38: =+IF(F38>0,INT(Fuelbeds_english!J38*0.3048),F38) -> 17 | K38: =+IF(F38>0,INT(Fuelbeds_english!K38*2.54),F38) -> 37 | L38: 28766 | M38: Bursera simaruba | N38: 100 | O38: 45.48 | P38: =+IF(O38>0,INT(Fuelbeds_english!P38*2.471),O38) -> 251 | Q38: =+IF(O38>0,INT(Fuelbeds_english!Q38*0.3048),O38) -> 14 | R38: =+IF(O38>0,INT(Fuelbeds_english!R38*0.3048),O38) -> 7 | S38: =+IF(O38>0,INT(Fuelbeds_english!S38*2.54),O38) -> 21 | T38: 28766 | U38: Bursera simaruba | V38: 100 | W38: 1 | X38: 3 | Y38: 18.15 | Z38: =+IF(Y38>0,FIXED(Fuelbeds_english!Z38*0.3048,1,0),Y38) -> 2.1 | AA38: 85 | AB38: 28862 | AC38: Zanthoxylum fagara | AD38: 100 | AE38: 6 | AF38: =+IF(AE38>0,FIXED(Fuelbeds_english!AF38*0.3048,1,0),AE38) -> 0.3 | AG38: 85 | AH38: =+IF(AE38>0,FIXED(Fuelbeds_english!AH38*2.242,1,0),AE38) -> 0.1 | AI38: 40450 | AJ38: Andropogon spp. | AK38: 100 | AL38: 19.491429 | AM38: =+IF(AL38>0,FIXED(Fuelbeds_english!AM38*2.54,1,0),AL38) -> 1.9 | AN38: =+IF($AM38>0,FIXED(Fuelbeds_english!AN38*2.242,1,0),$AM38) -> 0.6 | AO38: =+IF($AM38>0,FIXED(Fuelbeds_english!AO38*2.242,1,0),$AM38) -> 0.7 | AP38: =+IF($AM38>0,FIXED(Fuelbeds_english!AP38*2.242,1,0),$AM38) -> 1.9 | AQ38: =+IF($AM38>0,FIXED(Fuelbeds_english!AQ38*2.242,1,0),$AM38) -> 2.9 | AR38: 28766 | AS38: Bursera simaruba | AT38: 100 | AU38: -1 | AV38: =+IF(AU38>0,FIXED(Fuelbeds_english!AV38*2.54,1,0),AU38) -> -1 | AW38: -1 | AX38: -1 | AY38: =+IF(AX38>0,FIXED(Fuelbeds_english!AY38*2.54,1,0),AX38) -> -1 | AZ38: 1 | BA38: 75.8 | BB38: =+IF(BA38>0,FIXED(Fuelbeds_english!BB38*2.54,1,0),BA38) -> 2.5 | BC38: -1 | BD38: -1 | BE38: -1 | BF38: 100 | BG38: -1 | BH38: -1 | BI38: -1 | BJ38: 1 | BK38: 69.302857 | BL38: =+IF(BK38>0,FIXED(Fuelbeds_english!BL38*2.54,1,0),BK38) -> 3.2 | BM38: 3 | BN38: 69.302857 | BO38: =+IF(BN38>0,FIXED(Fuelbeds_english!BO38*2.54,1,0),BN38) -> 3.2
A39: 38 | B39: 1091a | C39: 911091 | D39: 1 - Trop/Sub Moist Broadleaf Forest | E39: 91 - Needleleaf evergreen trees | F39: 23.5 | G39: 14.81982 | H39: =+IF(F39>0,INT(Fuelbeds_english!H39*2.471),F39) -> 52 | I39: =+IF(F39>0,INT(Fuelbeds_english!I39*0.3048),F39) -> 22 | J39: =+IF(F39>0,INT(Fuelbeds_english!J39*0.3048),F39) -> 15 | K39: =+IF(F39>0,INT(Fuelbeds_english!K39*2.54),F39) -> 33 | L39: 18035 | M39: Pinus spp. | N39: 100 | O39: 23.5 | P39: =+IF(O39>0,INT(Fuelbeds_english!P39*2.471),O39) -> 107 | Q39: =+IF(O39>0,INT(Fuelbeds_english!Q39*0.3048),O39) -> 14 | R39: =+IF(O39>0,INT(Fuelbeds_english!R39*0.3048),O39) -> 7 | S39: =+IF(O39>0,INT(Fuelbeds_english!S39*2.54),O39) -> 16 | T39: 18035 | U39: Pinus spp. | V39: 100 | W39: 1 | X39: 3 | Y39: 7.8 | Z39: =+IF(Y39>0,FIXED(Fuelbeds_english!Z39*0.3048,1,0),Y39) -> 0.8 | AA39: 85 | AB39: 18148 | AC39: Persea spp. | AD39: 100 | AE39: 50 | AF39: =+IF(AE39>0,FIXED(Fuelbeds_english!AF39*0.3048,1,0),AE39) -> 0.3 | AG39: 70 | AH39: =+IF(AE39>0,FIXED(Fuelbeds_english!AH39*2.242,1,0),AE39) -> 1.2 | AI39: 40792 | AJ39: Festuca spp. | AK39: 100 | AL39: 16 | AM39: =+IF(AL39>0,FIXED(Fuelbeds_english!AM39*2.54,1,0),AL39) -> 7.4 | AN39: =+IF($AM39>0,FIXED(Fuelbeds_english!AN39*2.242,1,0),$AM39) -> 0.1 | AO39: =+IF($AM39>0,FIXED(Fuelbeds_english!AO39*2.242,1,0),$AM39) -> 0.8 | AP39: =+IF($AM39>0,FIXED(Fuelbeds_english!AP39*2.242,1,0),$AM39) -> 1.2 | AQ39: =+IF($AM39>0,FIXED(Fuelbeds_english!AQ39*2.242,1,0),$AM39) -> 2.6 | AR39: 18035 | AS39: Pinus spp. | AT39: 100 | AU39: -1 | AV39: =+IF(AU39>0,FIXED(Fuelbeds_english!AV39*2.54,1,0),AU39) -> -1 | AW39: -1 | AX39: -1 | AY39: =+IF(AX39>0,FIXED(Fuelbeds_english!AY39*2.54,1,0),AX39) -> -1 | AZ39: 1 | BA39: 28.9 | BB39: =+IF(BA39>0,FIXED(Fuelbeds_english!BB39*2.54,1,0),BA39) -> 5.6 | BC39: 100 | BD39: -1 | BE39: -1 | BF39: -1 | BG39: -1 | BH39: -1 | BI39: -1 | BJ39: 1 | BK39: 28.9 | BL39: =+IF(BK39>0,FIXED(Fuelbeds_english!BL39*2.54,1,0),BK39) -> 2.5 | BM39: 3 | BN39: 28.9 | BO39: =+IF(BN39>0,FIXED(Fuelbeds_english!BO39*2.54,1,0),BN39) -> 2.5
A40: 39 | B40: 1091b | C40: 921091 | D40: 1 - Trop/Sub Moist Broadleaf Forest | E40: 91 - Needleleaf evergreen trees | F40: 55.5 | G40: 35 | H40: =+IF(F40>0,INT(Fuelbeds_english!H40*2.471),F40) -> 123 | I40: =+IF(F40>0,INT(Fuelbeds_english!I40*0.3048),F40) -> 27 | J40: =+IF(F40>0,INT(Fuelbeds_english!J40*0.3048),F40) -> 19 | K40: =+IF(F40>0,INT(Fuelbeds_english!K40*2.54),F40) -> 41 | L40: 18035 | M40: Pinus spp. | N40: 100 | O40: 55.5 | P40: =+IF(O40>0,INT(Fuelbeds_english!P40*2.471),O40) -> 252 | Q40: =+IF(O40>0,INT(Fuelbeds_english!Q40*0.3048),O40) -> 17 | R40: =+IF(O40>0,INT(Fuelbeds_english!R40*0.3048),O40) -> 9 | S40: =+IF(O40>0,INT(Fuelbeds_english!S40*2.54),O40) -> 20 | T40: 18035 | U40: Pinus spp. | V40: 100 | W40: 1 | X40: 3 | Y40: 7.8 | Z40: =+IF(Y40>0,FIXED(Fuelbeds_english!Z40*0.3048,1,0),Y40) -> 0.8 | AA40: 85 | AB40: 18148 | AC40: Persea spp. | AD40: 100 | AE40: 35 | AF40: =+IF(AE40>0,FIXED(Fuelbeds_english!AF40*0.3048,1,0),AE40) -> 0.3 | AG40: 70 | AH40: =+IF(AE40>0,FIXED(Fuelbeds_english!AH40*2.242,1,0),AE40) -> 0.8 | AI40: 40792 | AJ40: Festuca spp. | AK40: 100 | AL40: 38 | AM40: =+IF(AL40>0,FIXED(Fuelbeds_english!AM40*2.54,1,0),AL40) -> 7.4 | AN40: =+IF($AM40>0,FIXED(Fuelbeds_english!AN40*2.242,1,0),$AM40) -> 0.2 | AO40: =+IF($AM40>0,FIXED(Fuelbeds_english!AO40*2.242,1,0),$AM40) -> 1.9 | AP40: =+IF($AM40>0,FIXED(Fuelbeds_english!AP40*2.242,1,0),$AM40) -> 2.7 | AQ40: =+IF($AM40>0,FIXED(Fuelbeds_english!AQ40*2.242,1,0),$AM40) -> 6.2 | AR40: 18035 | AS40: Pinus spp. | AT40: 100 | AU40: -1 | AV40: =+IF(AU40>0,FIXED(Fuelbeds_english!AV40*2.54,1,0),AU40) -> -1 | AW40: -1 | AX40: -1 | AY40: =+IF(AX40>0,FIXED(Fuelbeds_english!AY40*2.54,1,0),AX40) -> -1 | AZ40: 1 | BA40: 68.3 | BB40: =+IF(BA40>0,FIXED(Fuelbeds_english!BB40*2.54,1,0),BA40) -> 5.6 | BC40: 100 | BD40: -1 | BE40: -1 | BF40: -1 | BG40: -1 | BH40: -1 | BI40: -1 | BJ40: 1 | BK40: 68.2 | BL40: =+IF(BK40>0,FIXED(Fuelbeds_english!BL40*2.54,1,0),BK40) -> 2.5 | BM40: 3 | BN40: 68.2 | BO40: =+IF(BN40>0,FIXED(Fuelbeds_english!BO40*2.54,1,0),BN40) -> 2.5
... A43: 42 | B43: 1110b | C43: 921110 | D43: 1 - Trop/Sub Moist Broadleaf Forest | E43: 110 - Mosaic trees-shrubs/grasses | F43: 58.3 | G43: 30.285714 | H43: =+IF(F43>0,INT(Fuelbeds_english!H43*2.471),F43) -> 35 | I43: =+IF(F43>0,INT(Fuelbeds_english!I43*0.3048),F43) -> 20 | J43: =+IF(F43>0,INT(Fuelbeds_english!J43*0.3048),F43) -> 10 | K43: =+IF(F43>0,INT(Fuelbeds_english!K43*2.54),F43) -> 54 | L43: 29027 | M43: Swietenia macrophylla | N43: 100 | O43: 58.3 | P43: =+IF(O43>0,INT(Fuelbeds_english!P43*2.471),O43) -> 227 | Q43: =+IF(O43>0,INT(Fuelbeds_english!Q43*0.3048),O43) -> 10 | R43: =+IF(O43>0,INT(Fuelbeds_english!R43*0.3048),O43) -> 3 | S43: =+IF(O43>0,INT(Fuelbeds_english!S43*2.54),O43) -> 12 | T43: 29027 | U43: Swietenia macrophylla | V43: 100 | W43: 1 | X43: 5 | Y43: 46.666667 | Z43: =+IF(Y43>0,FIXED(Fuelbeds_english!Z43*0.3048,1,0),Y43) -> 1.6 | AA43: 85 | AB43: 19092 | AC43: Ficus aurea | AD43: 100 | AE43: 50 | AF43: =+IF(AE43>0,FIXED(Fuelbeds_english!AF43*0.3048,1,0),AE43) -> 0.3 | AG43: 85 | AH43: =+IF(AE43>0,FIXED(Fuelbeds_english!AH43*2.242,1,0),AE43) -> 0.1 | AI43: 40450 | AJ43: Andropogon spp. | AK43: 100 | AL43: 39.458545 | AM43: =+IF(AL43>0,FIXED(Fuelbeds_english!AM43*2.54,1,0),AL43) -> 3.6 | AN43: =+IF($AM43>0,FIXED(Fuelbeds_english!AN43*2.242,1,0),$AM43) -> 0.5 | AO43: =+IF($AM43>0,FIXED(Fuelbeds_english!AO43*2.242,1,0),$AM43) -> 1.7 | AP43: =+IF($AM43>0,FIXED(Fuelbeds_english!AP43*2.242,1,0),$AM43) -> 2.1 | AQ43: =+IF($AM43>0,FIXED(Fuelbeds_english!AQ43*2.242,1,0),$AM43) -> 6.2 | AR43: 29027 | AS43: Swietenia macrophylla | AT43: 100 | AU43: -1 | AV43: =+IF(AU43>0,FIXED(Fuelbeds_english!AV43*2.54,1,0),AU43) -> -1 | AW43: -1 | AX43: -1 | AY43: =+IF(AX43>0,FIXED(Fuelbeds_english!AY43*2.54,1,0),AX43) -> -1 | AZ43: 1 | BA43: 75.714286 | BB43: =+IF(BA43>0,FIXED(Fuelbeds_english!BB43*2.54,1,0),BA43) -> 2.8 | BC43: -1 | BD43: -1 | BE43: -1 | BF43: -1 | BG43: 100 | BH43: -1 | BI43: -1 | BJ43: 1 | BK43: 75.714286 | BL43: =+IF(BK43>0,FIXED(Fuelbeds_english!BL43*2.54,1,0),BK43) -> 1.8 | BM43: 3 | BN43: 75.714286 | BO43: =+IF(BN43>0,FIXED(Fuelbeds_english!BO43*2.54,1,0),BN43) -> 1.8
A44: 43 | B44: 1120 | C44: 1120 | D44: 1 - Trop/Sub Moist Broadleaf Forest | E44: 120 - Mosaic grasses/trees-shrubs | F44: 11.31 | G44: 5.8753247 | H44: =+IF(F44>0,INT(Fuelbeds_english!H44*2.471),F44) -> 6 | I44: =+IF(F44>0,INT(Fuelbeds_english!I44*0.3048),F44) -> 16 | J44: =+IF(F44>0,INT(Fuelbeds_english!J44*0.3048),F44) -> 8 | K44: =+IF(F44>0,INT(Fuelbeds_english!K44*2.54),F44) -> 42 | L44: 29027 | M44: Swietenia macrophylla | N44: 100 | O44: 11.31 | P44: =+IF(O44>0,INT(Fuelbeds_english!P44*2.471),O44) -> 44 | Q44: =+IF(O44>0,INT(Fuelbeds_english!Q44*0.3048),O44) -> 8 | R44: =+IF(O44>0,INT(Fuelbeds_english!R44*0.3048),O44) -> 2 | S44: =+IF(O44>0,INT(Fuelbeds_english!S44*2.54),O44) -> 9 | T44: 29027 | U44: Swietenia macrophylla | V44: 100 | W44: 1 | X44: 5 | Y44: 40 | Z44: =+IF(Y44>0,FIXED(Fuelbeds_english!Z44*0.3048,1,0),Y44) -> 1.6 | AA44: 85 | AB44: 19092 | AC44: Ficus aurea | AD44: 101 | AE44: 60 | AF44: =+IF(AE44>0,FIXED(Fuelbeds_english!AF44*0.3048,1,0),AE44) -> 0.3 | AG44: 85 | AH44: =+IF(AE44>0,FIXED(Fuelbeds_english!AH44*2.242,1,0),AE44) -> 0.1 | AI44: 40450 | AJ44: Andropogon spp. | AK44: 100 | AL44: 7.6548223 | AM44: =+IF(AL44>0,FIXED(Fuelbeds_english!AM44*2.54,1,0),AL44) -> 3.6 | AN44: =+IF($AM44>0,FIXED(Fuelbeds_english!AN44*2.242,1,0),$AM44) -> 0.1 | AO44: =+IF($AM44>0,FIXED(Fuelbeds_english!AO44*2.242,1,0),$AM44) -> 0.3 | AP44: =+IF($AM44>0,FIXED(Fuelbeds_english!AP44*2.242,1,0),$AM44) -> 0.4 | AQ44: =+IF($AM44>0,FIXED(Fuelbeds_english!AQ44*2.242,1,0),$AM44) -> 1.2 | AR44: 29027 | AS44: Swietenia macrophylla | AT44: 100 | AU44: -1 | AV44: =+IF(AU44>0,FIXED(Fuelbeds_english!AV44*2.54,1,0),AU44) -> -1 | AW44: -1 | AX44: -1 | AY44: =+IF(AX44>0,FIXED(Fuelbeds_english!AY44*2.54,1,0),AX44) -> -1 | AZ44: 1 | BA44: 14.688312 | BB44: =+IF(BA44>0,FIXED(Fuelbeds_english!BB44*2.54,1,0),BA44) -> 2.8 | BC44: -1 | BD44: -1 | BE44: -1 | BF44: -1 | BG44: 100 | BH44: -1 | BI44: -1 | BJ44: 1 | BK44: 14.688312 | BL44: =+IF(BK44>0,FIXED(Fuelbeds_english!BL44*2.54,1,0),BK44) -> 1.8 | BM44: 3 | BN44: 14.688312 | BO44: =+IF(BN44>0,FIXED(Fuelbeds_english!BO44*2.54,1,0),BN44) -> 1.8
A45: 44 | B45: 1130 | C45: 1130 | D45: 1 - Trop/Sub Moist Broadleaf Forest | E45: 130 - Shrubs | F45: -3 | G45: -3 | H45: =+IF(F45>0,INT(Fuelbeds_english!H45*2.471),F45) -> -3 | I45: =+IF(F45>0,INT(Fuelbeds_english!I45*0.3048),F45) -> -3 | J45: =+IF(F45>0,INT(Fuelbeds_english!J45*0.3048),F45) -> -3 | K45: =+IF(F45>0,INT(Fuelbeds_english!K45*2.54),F45) -> -3 | L45: -3 | M45: -3 | N45: -3 | O45: -3 | P45: =+IF(O45>0,INT(Fuelbeds_english!P45*2.471),O45) -> -3 | Q45: =+IF(O45>0,INT(Fuelbeds_english!Q45*0.3048),O45) -> -3 | R45: =+IF(O45>0,INT(Fuelbeds_english!R45*0.3048),O45) -> -3 | S45: =+IF(O45>0,INT(Fuelbeds_english!S45*2.54),O45) -> -3 | T45: -3 | U45: -3 | V45: -3 | W45: -3 | X45: -3 | Y45: 37 | Z45: =+IF(Y45>0,FIXED(Fuelbeds_english!Z45*0.3048,1,0),Y45) -> 0.8 | AA45: 90 | AB45: 28675 | AC45: Dodonaea viscosa | AD45: 100 | AE45: 48 | AF45: =+IF(AE45>0,FIXED(Fuelbeds_english!AF45*0.3048,1,0),AE45) -> 0.5 | AG45: 90 | AH45: =+IF(AE45>0,FIXED(Fuelbeds_english!AH45*2.242,1,0),AE45) -> 6.1 | AI45: 40450 | AJ45: Andropogon spp. | AK45: 100 | AL45: 30 | AM45: =+IF(AL45>0,FIXED(Fuelbeds_english!AM45*2.54,1,0),AL45) -> 1.7 | AN45: =+IF($AM45>0,FIXED(Fuelbeds_english!AN45*2.242,1,0),$AM45) -> 1.5 | AO45: =+IF($AM45>0,FIXED(Fuelbeds_english!AO45*2.242,1,0),$AM45) -> 3.1 | AP45: =+IF($AM45>0,FIXED(Fuelbeds_english!AP45*2.242,1,0),$AM45) -> 0.8 | AQ45: =+IF($AM45>0,FIXED(Fuelbeds_english!AQ45*2.242,1,0),$AM45) -> 0.0 | AR45: 28675 | AS45: Dodonaea viscosa | AT45: 100 | AU45: -1 | AV45: =+IF(AU45>0,FIXED(Fuelbeds_english!AV45*2.54,1,0),AU45) -> -1 | AW45: -1 | AX45: -1 | AY45: =+IF(AX45>0,FIXED(Fuelbeds_english!AY45*2.54,1,0),AX45) -> -1 | AZ45: 1 | BA45: 60 | BB45: =+IF(BA45>0,FIXED(Fuelbeds_english!BB45*2.54,1,0),BA45) -> 2.9 | BC45: -1 | BD45: -1 | BE45: -1 | BF45: -1 | BG45: 53 | BH45: -1 | BI45: 47 | BJ45: -1 | BK45: -1 | BL45: =+IF(BK45>0,FIXED(Fuelbeds_english!BL45*2.54,1,0),BK45) -> -1 | BM45: -1 | BN45: -1 | BO45: =+IF(BN45>0,FIXED(Fuelbeds_english!BO45*2.54,1,0),BN45) -> -1
A46: 45 | B46: 1140 | C46: 1140 | D46: 1 - Trop/Sub Moist Broadleaf Forest | E46: 140 - Grasses | F46: -3 | G46: -3 | H46: =+IF(F46>0,INT(Fuelbeds_english!H46*2.471),F46) -> -3 | I46: =+IF(F46>0,INT(Fuelbeds_english!I46*0.3048),F46) -> -3 | J46: =+IF(F46>0,INT(Fuelbeds_english!J46*0.3048),F46) -> -3 | K46: =+IF(F46>0,INT(Fuelbeds_english!K46*2.54),F46) -> -3 | L46: -3 | M46: -3 | N46: -3 | O46: -3 | P46: =+IF(O46>0,INT(Fuelbeds_english!P46*2.471),O46) -> -3 | Q46: =+IF(O46>0,INT(Fuelbeds_english!Q46*0.3048),O46) -> -3 | R46: =+IF(O46>0,INT(Fuelbeds_english!R46*0.3048),O46) -> -3 | S46: =+IF(O46>0,INT(Fuelbeds_english!S46*2.54),O46) -> -3 | T46: -3 | U46: -3 | V46: -3 | W46: -3 | X46: -3 | Y46: -3 | Z46: =+IF(Y46>0,FIXED(Fuelbeds_english!Z46*0.3048,1,0),Y46) -> -3 | AA46: -3 | AB46: -3 | AC46: -3 | AD46: -3 | AE46: 70 | AF46: =+IF(AE46>0,FIXED(Fuelbeds_english!AF46*0.3048,1,0),AE46) -> 0.5 | AG46: 80 | AH46: =+IF(AE46>0,FIXED(Fuelbeds_english!AH46*2.242,1,0),AE46) -> 9.3 | AI46: 40450 | AJ46: Andropogon spp. | AK46: 100 | AL46: -3 | AM46: =+IF(AL46>0,FIXED(Fuelbeds_english!AM46*2.54,1,0),AL46) -> -3 | AN46: =+IF(AM46>0,FIXED(Fuelbeds_english!AN46*0.3048,1,0),AM46) -> -3 | AO46: =+IF(AN46>0,FIXED(Fuelbeds_english!AO46*0.3048,1,0),AN46) -> -3 | AP46: =+IF(AO46>0,FIXED(Fuelbeds_english!AP46*0.3048,1,0),AO46) -> -3 | AQ46: =+IF(AP46>0,FIXED(Fuelbeds_english!AQ46*0.3048,1,0),AP46) -> -3 | AR46: -3 | AS46: -3 | AT46: -3 | AU46: -1 | AV46: =+IF(AU46>0,FIXED(Fuelbeds_english!AV46*2.54,1,0),AU46) -> -1 | AW46: -1 | AX46: -1 | AY46: =+IF(AX46>0,FIXED(Fuelbeds_english!AY46*2.54,1,0),AX46) -> -1 | AZ46: 1 | BA46: 51.257017 | BB46: =+IF(BA46>0,FIXED(Fuelbeds_english!BB46*2.54,1,0),BA46) -> 3.0 | BC46: -1 | BD46: -1 | BE46: -1 | BF46: -1 | BG46: -1 | BH46: -1 | BI46: 100 | BJ46: -1 | BK46: -1 | BL46: =+IF(BK46>0,FIXED(Fuelbeds_english!BL46*2.54,1,0),BK46) -> -1 | BM46: -1 | BN46: -1 | BO46: =+IF(BN46>0,FIXED(Fuelbeds_english!BO46*2.54,1,0),BN46) -> -1
A47: 46 | B47: 1160a | C47: 911160 | D47: 1 - Trop/Sub Moist Broadleaf Forest | E47: 160 - Trees regularly flooded (fresh water) | F47: 22 | G47: 22 | H47: =+IF(F47>0,INT(Fuelbeds_english!H47*2.471),F47) -> 19 | I47: =+IF(F47>0,INT(Fuelbeds_english!I47*0.3048),F47) -> 20 | J47: =+IF(F47>0,INT(Fuelbeds_english!J47*0.3048),F47) -> 12 | K47: =+IF(F47>0,INT(Fuelbeds_english!K47*2.54),F47) -> 38 | L47: 29027 | M47: Swietenia macrophylla | N47: 100 | O47: 15.529412 | P47: =+IF(O47>0,INT(Fuelbeds_english!P47*2.471),O47) -> 95 | Q47: =+IF(O47>0,INT(Fuelbeds_english!Q47*0.3048),O47) -> 12 | R47: =+IF(O47>0,INT(Fuelbeds_english!R47*0.3048),O47) -> 4 | S47: =+IF(O47>0,INT(Fuelbeds_english!S47*2.54),O47) -> 20 | T47: 29027 | U47: Swietenia macrophylla | V47: 100 | W47: 1 | X47: 4 | Y47: 32.1935 | Z47: =+IF(Y47>0,FIXED(Fuelbeds_english!Z47*0.3048,1,0),Y47) -> 2.4 | AA47: 80 | AB47: 18101 | AC47: Annona glabra | AD47: 100 | AE47: 16 | AF47: =+IF(AE47>0,FIXED(Fuelbeds_english!AF47*0.3048,1,0),AE47) -> 0.3 | AG47: 80 | AH47: =+IF(AE47>0,FIXED(Fuelbeds_english!AH47*2.242,1,0),AE47) -> 0.2 | AI47: 39878 | AJ47: Cladium jamaicense | AK47: 100 | AL47: 6.4705882 | AM47: =+IF(AL47>0,FIXED(Fuelbeds_english!AM47*2.54,1,0),AL47) -> 0.7 | AN47: =+IF($AM47>0,FIXED(Fuelbeds_english!AN47*2.242,1,0),$AM47) -> 0.3 | AO47: =+IF($AM47>0,FIXED(Fuelbeds_english!AO47*2.242,1,0),$AM47) -> 0.3 | AP47: =+IF($AM47>0,FIXED(Fuelbeds_english!AP47*2.242,1,0),$AM47) -> 0.6 | AQ47: =+IF($AM47>0,FIXED(Fuelbeds_english!AQ47*2.242,1,0),$AM47) -> 0.9 | AR47: 29027 | AS47: Swietenia macrophylla | AT47: 100 | AU47: -1 | AV47: =+IF(AU47>0,FIXED(Fuelbeds_english!AV47*2.54,1,0),AU47) -> -1 | AW47: 1 | AX47: 20 | AY47: =+IF(AX47>0,FIXED(Fuelbeds_english!AY47*2.54,1,0),AX47) -> 2.5 | AZ47: 1 | BA47: 24.588235 | BB47: =+IF(BA47>0,FIXED(Fuelbeds_english!BB47*2.54,1,0),BA47) -> 3.8 | BC47: -1 | BD47: -1 | BE47: -1 | BF47: -1 | BG47: 100 | BH47: -1 | BI47: -1 | BJ47: 1 | BK47: 19.411765 | BL47: =+IF(BK47>0,FIXED(Fuelbeds_english!BL47*2.54,1,0),BK47) -> 2.5 | BM47: 3 | BN47: 19.411765 | BO47: =+IF(BN47>0,FIXED(Fuelbeds_english!BO47*2.54,1,0),BN47) -> 1.3
A48: 47 | B48: 1160b | C48: 921160 | D48: 1 - Trop/Sub Moist Broadleaf Forest | E48: 160 - Trees regularly flooded (fresh water) | F48: 60.5 | G48: 60.5 | H48: =+IF(F48>0,INT(Fuelbeds_english!H48*2.471),F48) -> 52 | I48: =+IF(F48>0,INT(Fuelbeds_english!I48*0.3048),F48) -> 25 | J48: =+IF(F48>0,INT(Fuelbeds_english!J48*0.3048),F48) -> 15 | K48: =+IF(F48>0,INT(Fuelbeds_english!K48*2.54),F48) -> 47 | L48: 29027 | M48: Swietenia macrophylla | N48: 100 | O48: 42.705882 | P48: =+IF(O48>0,INT(Fuelbeds_english!P48*2.471),O48) -> 263 | Q48: =+IF(O48>0,INT(Fuelbeds_english!Q48*0.3048),O48) -> 15 | R48: =+IF(O48>0,INT(Fuelbeds_english!R48*0.3048),O48) -> 6 | S48: =+IF(O48>0,INT(Fuelbeds_english!S48*2.54),O48) -> 25 | T48: 29027 | U48: Swietenia macrophylla | V48: 100 | W48: 1 | X48: 4 | Y48: 18.1503 | Z48: =+IF(Y48>0,FIXED(Fuelbeds_english!Z48*0.3048,1,0),Y48) -> 2.4 | AA48: 80 | AB48: 18101 | AC48: Annona glabra | AD48: 100 | AE48: 9 | AF48: =+IF(AE48>0,FIXED(Fuelbeds_english!AF48*0.3048,1,0),AE48) -> 0.3 | AG48: 80 | AH48: =+IF(AE48>0,FIXED(Fuelbeds_english!AH48*2.242,1,0),AE48) -> 0.1 | AI48: 39878 | AJ48: Cladium jamaicense | AK48: 100 | AL48: 17.794118 | AM48: =+IF(AL48>0,FIXED(Fuelbeds_english!AM48*2.54,1,0),AL48) -> 1.8 | AN48: =+IF($AM48>0,FIXED(Fuelbeds_english!AN48*2.242,1,0),$AM48) -> 0.8 | AO48: =+IF($AM48>0,FIXED(Fuelbeds_english!AO48*2.242,1,0),$AM48) -> 0.8 | AP48: =+IF($AM48>0,FIXED(Fuelbeds_english!AP48*2.242,1,0),$AM48) -> 1.6 | AQ48: =+IF($AM48>0,FIXED(Fuelbeds_english!AQ48*2.242,1,0),$AM48) -> 2.4 | AR48: 29027 | AS48: Swietenia macrophylla | AT48: 100 | AU48: -1 | AV48: =+IF(AU48>0,FIXED(Fuelbeds_english!AV48*2.54,1,0),AU48) -> -1 | AW48: 1 | AX48: 20 | AY48: =+IF(AX48>0,FIXED(Fuelbeds_english!AY48*2.54,1,0),AX48) -> 2.5 | AZ48: 1 | BA48: 67.617647 | BB48: =+IF(BA48>0,FIXED(Fuelbeds_english!BB48*2.54,1,0),BA48) -> 3.8 | BC48: -1 | BD48: -1 | BE48: -1 | BF48: -1 | BG48: 100 | BH48: -1 | BI48: -1 | BJ48: 1 | BK48: 53.382353 | BL48: =+IF(BK48>0,FIXED(Fuelbeds_english!BL48*2.54,1,0),BK48) -> 2.5 | BM48: 3 | BN48: 53.382353 | BO48: =+IF(BN48>0,FIXED(Fuelbeds_english!BO48*2.54,1,0),BN48) -> 1.3
A49: 48 | B49: 1160c | C49: 931160 | D49: 1 - Trop/Sub Moist Broadleaf Forest | E49: 160 - Trees regularly flooded (fresh water) | F49: 77.5 | G49: 77.5 | H49: =+IF(F49>0,INT(Fuelbeds_english!H49*2.471),F49) -> 67 | I49: =+IF(F49>0,INT(Fuelbeds_english!I49*0.3048),F49) -> 27 | J49: =+IF(F49>0,INT(Fuelbeds_english!J49*0.3048),F49) -> 16 | K49: =+IF(F49>0,INT(Fuelbeds_english!K49*2.54),F49) -> 52 | L49: 29027 | M49: Swietenia macrophylla | N49: 100 | O49: 54.705882 | P49: =+IF(O49>0,INT(Fuelbeds_english!P49*2.471),O49) -> 337 | Q49: =+IF(O49>0,INT(Fuelbeds_english!Q49*0.3048),O49) -> 16 | R49: =+IF(O49>0,INT(Fuelbeds_english!R49*0.3048),O49) -> 6 | S49: =+IF(O49>0,INT(Fuelbeds_english!S49*2.54),O49) -> 27 | T49: 29027 | U49: Swietenia macrophylla | V49: 100 | W49: 1 | X49: 4 | Y49: 14.3916 | Z49: =+IF(Y49>0,FIXED(Fuelbeds_english!Z49*0.3048,1,0),Y49) -> 2.4 | AA49: 80 | AB49: 18101 | AC49: Annona glabra | AD49: 100 | AE49: 7 | AF49: =+IF(AE49>0,FIXED(Fuelbeds_english!AF49*0.3048,1,0),AE49) -> 0.3 | AG49: 80 | AH49: =+IF(AE49>0,FIXED(Fuelbeds_english!AH49*2.242,1,0),AE49) -> 0.1 | AI49: 39878 | AJ49: Cladium jamaicense | AK49: 100 | AL49: 22.794118 | AM49: =+IF(AL49>0,FIXED(Fuelbeds_english!AM49*2.54,1,0),AL49) -> 2.3 | AN49: =+IF($AM49>0,FIXED(Fuelbeds_english!AN49*2.242,1,0),$AM49) -> 1.0 | AO49: =+IF($AM49>0,FIXED(Fuelbeds_english!AO49*2.242,1,0),$AM49) -> 1.0 | AP49: =+IF($AM49>0,FIXED(Fuelbeds_english!AP49*2.242,1,0),$AM49) -> 2.0 | AQ49: =+IF($AM49>0,FIXED(Fuelbeds_english!AQ49*2.242,1,0),$AM49) -> 3.1 | AR49: 29027 | AS49: Swietenia macrophylla | AT49: 100 | AU49: -1 | AV49: =+IF(AU49>0,FIXED(Fuelbeds_english!AV49*2.54,1,0),AU49) -> -1 | AW49: 1 | AX49: 20 | AY49: =+IF(AX49>0,FIXED(Fuelbeds_english!AY49*2.54,1,0),AX49) -> 2.5 | AZ49: 1 | BA49: 86.617647 | BB49: =+IF(BA49>0,FIXED(Fuelbeds_english!BB49*2.54,1,0),BA49) -> 3.8 | BC49: -1 | BD49: -1 | BE49: -1 | BF49: -1 | BG49: 100 | BH49: -1 | BI49: -1 | BJ49: 1 | BK49: 68.382353 | BL49: =+IF(BK49>0,FIXED(Fuelbeds_english!BL49*2.54,1,0),BK49) -> 2.5 | BM49: 3 | BN49: 68.382353 | BO49: =+IF(BN49>0,FIXED(Fuelbeds_english!BO49*2.54,1,0),BN49) -> 1.3
A50: 49 | B50: 1180 | C50: 1180 | D50: 1 - Trop/Sub Moist Broadleaf Forest | E50: 180 - Shrubs-grasses regularly flooded | F50: -3 | G50: -3 | H50: =+IF(F50>0,INT(Fuelbeds_english!H50*2.471),F50) -> -3 | I50: =+IF(F50>0,INT(Fuelbeds_english!I50*0.3048),F50) -> -3 | J50: =+IF(F50>0,INT(Fuelbeds_english!J50*0.3048),F50) -> -3 | K50: =+IF(F50>0,INT(Fuelbeds_english!K50*2.54),F50) -> -3 | L50: -3 | M50: -3 | N50: -3 | O50: -3 | P50: =+IF(O50>0,INT(Fuelbeds_english!P50*2.471),O50) -> -3 | Q50: =+IF(O50>0,INT(Fuelbeds_english!Q50*0.3048),O50) -> -3 | R50: =+IF(O50>0,INT(Fuelbeds_english!R50*0.3048),O50) -> -3 | S50: =+IF(O50>0,INT(Fuelbeds_english!S50*2.54),O50) -> -3 | T50: -3 | U50: -3 | V50: -3 | W50: -3 | X50: -3 | Y50: -1 | Z50: =+IF(Y50>0,FIXED(Fuelbeds_english!Z50*0.3048,1,0),Y50) -> -1 | AA50: -1 | AB50: -1 | AC50: -1 | AD50: -1 | AE50: 47 | AF50: =+IF(AE50>0,FIXED(Fuelbeds_english!AF50*0.3048,1,0),AE50) -> 0.9 | AG50: 70 | AH50: =+IF(AE50>0,FIXED(Fuelbeds_english!AH50*2.242,1,0),AE50) -> 3.2 | AI50: 39878 | AJ50: Cladium jamaicense | AK50: 100 | AL50: -1 | AM50: =+IF(AL50>0,FIXED(Fuelbeds_english!AM50*2.54,1,0),AL50) -> -1 | AN50: =+IF(AM50>0,FIXED(Fuelbeds_english!AN50*0.3048,1,0),AM50) -> -1 | AO50: =+IF(AN50>0,FIXED(Fuelbeds_english!AO50*0.3048,1,0),AN50) -> -1 | AP50: =+IF(AO50>0,FIXED(Fuelbeds_english!AP50*0.3048,1,0),AO50) -> -1 | AQ50: =+IF(AP50>0,FIXED(Fuelbeds_english!AQ50*0.3048,1,0),AP50) -> -1 | AR50: -1 | AS50: -1 | AT50: -1 | AU50: -1 | AV50: =+IF(AU50>0,FIXED(Fuelbeds_english!AV50*2.54,1,0),AU50) -> -1 | AW50: -1 | AX50: -1 | AY50: =+IF(AX50>0,FIXED(Fuelbeds_english!AY50*2.54,1,0),AX50) -> -1 | AZ50: 1 | BA50: 47 | BB50: =+IF(BA50>0,FIXED(Fuelbeds_english!BB50*2.54,1,0),BA50) -> 5.1 | BC50: -1 | BD50: -1 | BE50: -1 | BF50: -1 | BG50: -1 | BH50: -1 | BI50: 100 | BJ50: -1 | BK50: -1 | BL50: =+IF(BK50>0,FIXED(Fuelbeds_english!BL50*2.54,1,0),BK50) -> -1 | BM50: -1 | BN50: -1 | BO50: =+IF(BN50>0,FIXED(Fuelbeds_english!BO50*2.54,1,0),BN50) -> -1
A51: 50 | B51: 2010 | C51: 2010 | D51: 2 - Trop/Sub Dry Broadleaf Forest | E51: 10 - Crops: wheat, barley, sorgum | F51: -3 | G51: -3 | H51: =+IF(F51>0,INT(Fuelbeds_english!H51*2.471),F51) -> -3 | I51: =+IF(F51>0,INT(Fuelbeds_english!I51*0.3048),F51) -> -3 | J51: =+IF(F51>0,INT(Fuelbeds_english!J51*0.3048),F51) -> -3 | K51: =+IF(F51>0,INT(Fuelbeds_english!K51*2.54),F51) -> -3 | L51: -3 | M51: -3 | N51: -3 | O51: -3 | P51: =+IF(O51>0,INT(Fuelbeds_english!P51*2.471),O51) -> -3 | Q51: =+IF(O51>0,INT(Fuelbeds_english!Q51*0.3048),O51) -> -3 | R51: =+IF(O51>0,INT(Fuelbeds_english!R51*0.3048),O51) -> -3 | S51: =+IF(O51>0,INT(Fuelbeds_english!S51*2.54),O51) -> -3 | T51: -3 | U51: -3 | V51: -3 | W51: -3 | X51: -3 | Y51: -3 | Z51: =+IF(Y51>0,FIXED(Fuelbeds_english!Z51*0.3048,1,0),Y51) -> -3 | AA51: -3 | AB51: -3 | AC51: -3 | AD51: -3 | AE51: 100 | AF51: =+IF(AE51>0,FIXED(Fuelbeds_english!AF51*0.3048,1,0),AE51) -> 0.2 | AG51: 0 | AH51: =+IF(AE51>0,FIXED(Fuelbeds_english!AH51*2.242,1,0),AE51) -> 0.4 | AI51: 42236 | AJ51: Triticum spp. | AK51: 100 | AL51: -3 | AM51: =+IF(AL51>0,FIXED(Fuelbeds_english!AM51*2.54,1,0),AL51) -> -3 | AN51: =+IF(AM51>0,FIXED(Fuelbeds_english!AN51*0.3048,1,0),AM51) -> -3 | AO51: =+IF(AN51>0,FIXED(Fuelbeds_english!AO51*0.3048,1,0),AN51) -> -3 | AP51: =+IF(AO51>0,FIXED(Fuelbeds_english!AP51*0.3048,1,0),AO51) -> -3 | AQ51: =+IF(AP51>0,FIXED(Fuelbeds_english!AQ51*0.3048,1,0),AP51) -> -3 | AR51: -3 | AS51: -3 | AT51: -3 | AU51: -1 | AV51: =+IF(AU51>0,FIXED(Fuelbeds_english!AV51*2.54,1,0),AU51) -> -1 | AW51: -1 | AX51: -1 | AY51: =+IF(AX51>0,FIXED(Fuelbeds_english!AY51*2.54,1,0),AX51) -> -1 | AZ51: 2 | BA51: 65 | BB51: =+IF(BA51>0,FIXED(Fuelbeds_english!BB51*2.54,1,0),BA51) -> 1.3 | BC51: -1 | BD51: -1 | BE51: -1 | BF51: -1 | BG51: -1 | BH51: -1 | BI51: 100 | BJ51: -1 | BK51: -1 | BL51: =+IF(BK51>0,FIXED(Fuelbeds_english!BL51*2.54,1,0),BK51) -> -1 | BM51: -1 | BN51: -1 | BO51: =+IF(BN51>0,FIXED(Fuelbeds_english!BO51*2.54,1,0),BN51) -> -1
A52: 51 | B52: 2011 | C52: 2011 | D52: 2 - Trop/Sub Dry Broadleaf Forest | E52: 11 - Crops: rice | F52: -3 | G52: -3 | H52: =+IF(F52>0,INT(Fuelbeds_english!H52*2.471),F52) -> -3 | I52: =+IF(F52>0,INT(Fuelbeds_english!I52*0.3048),F52) -> -3 | J52: =+IF(F52>0,INT(Fuelbeds_english!J52*0.3048),F52) -> -3 | K52: =+IF(F52>0,INT(Fuelbeds_english!K52*2.54),F52) -> -3 | L52: -3 | M52: -3 | N52: -3 | O52: -3 | P52: =+IF(O52>0,INT(Fuelbeds_english!P52*2.471),O52) -> -3 | Q52: =+IF(O52>0,INT(Fuelbeds_english!Q52*0.3048),O52) -> -3 | R52: =+IF(O52>0,INT(Fuelbeds_english!R52*0.3048),O52) -> -3 | S52: =+IF(O52>0,INT(Fuelbeds_english!S52*2.54),O52) -> -3 | T52: -3 | U52: -3 | V52: -3 | W52: -3 | X52: -3 | Y52: -3 | Z52: =+IF(Y52>0,FIXED(Fuelbeds_english!Z52*0.3048,1,0),Y52) -> -3 | AA52: -3 | AB52: -3 | AC52: -3 | AD52: -3 | AE52: 100 | AF52: =+IF(AE52>0,FIXED(Fuelbeds_english!AF52*0.3048,1,0),AE52) -> 0.2 | AG52: 0 | AH52: =+IF(AE52>0,FIXED(Fuelbeds_english!AH52*2.242,1,0),AE52) -> 2.9 | AI52: 41976 | AJ52: Oryza sativa | AK52: 100 | AL52: -3 | AM52: =+IF(AL52>0,FIXED(Fuelbeds_english!AM52*2.54,1,0),AL52) -> -3 | AN52: =+IF(AM52>0,FIXED(Fuelbeds_english!AN52*0.3048,1,0),AM52) -> -3 | AO52: =+IF(AN52>0,FIXED(Fuelbeds_english!AO52*0.3048,1,0),AN52) -> -3 | AP52: =+IF(AO52>0,FIXED(Fuelbeds_english!AP52*0.3048,1,0),AO52) -> -3 | AQ52: =+IF(AP52>0,FIXED(Fuelbeds_english!AQ52*0.3048,1,0),AP52) -> -3 | AR52: -3 | AS52: -3 | AT52: -3 | AU52: -1 | AV52: =+IF(AU52>0,FIXED(Fuelbeds_english!AV52*2.54,1,0),AU52) -> -1 | AW52: -1 | AX52: -1 | AY52: =+IF(AX52>0,FIXED(Fuelbeds_english!AY52*2.54,1,0),AX52) -> -1 | AZ52: 2 | BA52: 65 | BB52: =+IF(BA52>0,FIXED(Fuelbeds_english!BB52*2.54,1,0),BA52) -> 1.3 | BC52: -1 | BD52: -1 | BE52: -1 | BF52: -1 | BG52: -1 | BH52: -1 | BI52: 100 | BJ52: -1 | BK52: -1 | BL52: =+IF(BK52>0,FIXED(Fuelbeds_english!BL52*2.54,1,0),BK52) -> -1 | BM52: -1 | BN52: -1 | BO52: =+IF(BN52>0,FIXED(Fuelbeds_english!BO52*2.54,1,0),BN52) -> -1
A53: 52 | B53: 2012 | C53: 2012 | D53: 2 - Trop/Sub Dry Broadleaf Forest | E53: 12 - Crops: maize | F53: -3 | G53: -3 | H53: =+IF(F53>0,INT(Fuelbeds_english!H53*2.471),F53) -> -3 | I53: =+IF(F53>0,INT(Fuelbeds_english!I53*0.3048),F53) -> -3 | J53: =+IF(F53>0,INT(Fuelbeds_english!J53*0.3048),F53) -> -3 | K53: =+IF(F53>0,INT(Fuelbeds_english!K53*2.54),F53) -> -3 | L53: -3 | M53: -3 | N53: -3 | O53: -3 | P53: =+IF(O53>0,INT(Fuelbeds_english!P53*2.471),O53) -> -3 | Q53: =+IF(O53>0,INT(Fuelbeds_english!Q53*0.3048),O53) -> -3 | R53: =+IF(O53>0,INT(Fuelbeds_english!R53*0.3048),O53) -> -3 | S53: =+IF(O53>0,INT(Fuelbeds_english!S53*2.54),O53) -> -3 | T53: -3 | U53: -3 | V53: -3 | W53: -3 | X53: -3 | Y53: -3 | Z53: =+IF(Y53>0,FIXED(Fuelbeds_english!Z53*0.3048,1,0),Y53) -> -3 | AA53: -3 | AB53: -3 | AC53: -3 | AD53: -3 | AE53: 100 | AF53: =+IF(AE53>0,FIXED(Fuelbeds_english!AF53*0.3048,1,0),AE53) -> 0.2 | AG53: 0 | AH53: =+IF(AE53>0,FIXED(Fuelbeds_english!AH53*2.242,1,0),AE53) -> 1.1 | AI53: 42269 | AJ53: Zea mays | AK53: 100 | AL53: -3 | AM53: =+IF(AL53>0,FIXED(Fuelbeds_english!AM53*2.54,1,0),AL53) -> -3 | AN53: =+IF(AM53>0,FIXED(Fuelbeds_english!AN53*0.3048,1,0),AM53) -> -3 | AO53: =+IF(AN53>0,FIXED(Fuelbeds_english!AO53*0.3048,1,0),AN53) -> -3 | AP53: =+IF(AO53>0,FIXED(Fuelbeds_english!AP53*0.3048,1,0),AO53) -> -3 | AQ53: =+IF(AP53>0,FIXED(Fuelbeds_english!AQ53*0.3048,1,0),AP53) -> -3 | AR53: -3 | AS53: -3 | AT53: -3 | AU53: -1 | AV53: =+IF(AU53>0,FIXED(Fuelbeds_english!AV53*2.54,1,0),AU53) -> -1 | AW53: -1 | AX53: -1 | AY53: =+IF(AX53>0,FIXED(Fuelbeds_english!AY53*2.54,1,0),AX53) -> -1 | AZ53: 2 | BA53: 65 | BB53: =+IF(BA53>0,FIXED(Fuelbeds_english!BB53*2.54,1,0),BA53) -> 1.3 | BC53: -1 | BD53: -1 | BE53: -1 | BF53: -1 | BG53: -1 | BH53: -1 | BI53: 100 | BJ53: -1 | BK53: -1 | BL53: =+IF(BK53>0,FIXED(Fuelbeds_english!BL53*2.54,1,0),BK53) -> -1 | BM53: -1 | BN53: -1 | BO53: =+IF(BN53>0,FIXED(Fuelbeds_english!BO53*2.54,1,0),BN53) -> -1
A54: 53 | B54: 2013 | C54: 2013 | D54: 2 - Trop/Sub Dry Broadleaf Forest | E54: 13 - Crops: Soybean | F54: -3 | G54: -3 | H54: =+IF(F54>0,INT(Fuelbeds_english!H54*2.471),F54) -> -3 | I54: =+IF(F54>0,INT(Fuelbeds_english!I54*0.3048),F54) -> -3 | J54: =+IF(F54>0,INT(Fuelbeds_english!J54*0.3048),F54) -> -3 | K54: =+IF(F54>0,INT(Fuelbeds_english!K54*2.54),F54) -> -3 | L54: -3 | M54: -3 | N54: -3 | O54: -3 | P54: =+IF(O54>0,INT(Fuelbeds_english!P54*2.471),O54) -> -3 | Q54: =+IF(O54>0,INT(Fuelbeds_english!Q54*0.3048),O54) -> -3 | R54: =+IF(O54>0,INT(Fuelbeds_english!R54*0.3048),O54) -> -3 | S54: =+IF(O54>0,INT(Fuelbeds_english!S54*2.54),O54) -> -3 | T54: -3 | U54: -3 | V54: -3 | W54: -3 | X54: -3 | Y54: -3 | Z54: =+IF(Y54>0,FIXED(Fuelbeds_english!Z54*0.3048,1,0),Y54) -> -3 | AA54: -3 | AB54: -3 | AC54: -3 | AD54: -3 | AE54: 100 | AF54: =+IF(AE54>0,FIXED(Fuelbeds_english!AF54*0.3048,1,0),AE54) -> 0.2 | AG54: 0 | AH54: =+IF(AE54>0,FIXED(Fuelbeds_english!AH54*2.242,1,0),AE54) -> 0.4 | AI54: 26716 | AJ54: Glycine max | AK54: 100 | AL54: -3 | AM54: =+IF(AL54>0,FIXED(Fuelbeds_english!AM54*2.54,1,0),AL54) -> -3 | AN54: =+IF(AM54>0,FIXED(Fuelbeds_english!AN54*0.3048,1,0),AM54) -> -3 | AO54: =+IF(AN54>0,FIXED(Fuelbeds_english!AO54*0.3048,1,0),AN54) -> -3 | AP54: =+IF(AO54>0,FIXED(Fuelbeds_english!AP54*0.3048,1,0),AO54) -> -3 | AQ54: =+IF(AP54>0,FIXED(Fuelbeds_english!AQ54*0.3048,1,0),AP54) -> -3 | AR54: -3 | AS54: -3 | AT54: -3 | AU54: -1 | AV54: =+IF(AU54>0,FIXED(Fuelbeds_english!AV54*2.54,1,0),AU54) -> -1 | AW54: -1 | AX54: -1 | AY54: =+IF(AX54>0,FIXED(Fuelbeds_english!AY54*2.54,1,0),AX54) -> -1 | AZ54: 2 | BA54: 65 | BB54: =+IF(BA54>0,FIXED(Fuelbeds_english!BB54*2.54,1,0),BA54) -> 1.3 | BC54: -1 | BD54: -1 | BE54: -1 | BF54: -1 | BG54: -1 | BH54: -1 | BI54: 100 | BJ54: -1 | BK54: -1 | BL54: =+IF(BK54>0,FIXED(Fuelbeds_english!BL54*2.54,1,0),BK54) -> -1 | BM54: -1 | BN54: -1 | BO54: =+IF(BN54>0,FIXED(Fuelbeds_english!BO54*2.54,1,0),BN54) -> -1
A55: 54 | B55: 2014 | C55: 2014 | D55: 2 - Trop/Sub Dry Broadleaf Forest | E55: 14 - Crops: millet | F55: -3 | G55: -3 | H55: =+IF(F55>0,INT(Fuelbeds_english!H55*2.471),F55) -> -3 | I55: =+IF(F55>0,INT(Fuelbeds_english!I55*0.3048),F55) -> -3 | J55: =+IF(F55>0,INT(Fuelbeds_english!J55*0.3048),F55) -> -3 | K55: =+IF(F55>0,INT(Fuelbeds_english!K55*2.54),F55) -> -3 | L55: -3 | M55: -3 | N55: -3 | O55: -3 | P55: =+IF(O55>0,INT(Fuelbeds_english!P55*2.471),O55) -> -3 | Q55: =+IF(O55>0,INT(Fuelbeds_english!Q55*0.3048),O55) -> -3 | R55: =+IF(O55>0,INT(Fuelbeds_english!R55*0.3048),O55) -> -3 | S55: =+IF(O55>0,INT(Fuelbeds_english!S55*2.54),O55) -> -3 | T55: -3 | U55: -3 | V55: -3 | W55: -3 | X55: -3 | Y55: -3 | Z55: =+IF(Y55>0,FIXED(Fuelbeds_english!Z55*0.3048,1,0),Y55) -> -3 | AA55: -3 | AB55: -3 | AC55: -3 | AD55: -3 | AE55: 100 | AF55: =+IF(AE55>0,FIXED(Fuelbeds_english!AF55*0.3048,1,0),AE55) -> 0.2 | AG55: 0 | AH55: =+IF(AE55>0,FIXED(Fuelbeds_english!AH55*2.242,1,0),AE55) -> 1.1 | AI55: 42013 | AJ55: Pennisetum setaceum | AK55: 100 | AL55: -3 | AM55: =+IF(AL55>0,FIXED(Fuelbeds_english!AM55*2.54,1,0),AL55) -> -3 | AN55: =+IF(AM55>0,FIXED(Fuelbeds_english!AN55*0.3048,1,0),AM55) -> -3 | AO55: =+IF(AN55>0,FIXED(Fuelbeds_english!AO55*0.3048,1,0),AN55) -> -3 | AP55: =+IF(AO55>0,FIXED(Fuelbeds_english!AP55*0.3048,1,0),AO55) -> -3 | AQ55: =+IF(AP55>0,FIXED(Fuelbeds_english!AQ55*0.3048,1,0),AP55) -> -3 | AR55: -3 | AS55: -3 | AT55: -3 | AU55: -1 | AV55: =+IF(AU55>0,FIXED(Fuelbeds_english!AV55*2.54,1,0),AU55) -> -1 | AW55: -1 | AX55: -1 | AY55: =+IF(AX55>0,FIXED(Fuelbeds_english!AY55*2.54,1,0),AX55) -> -1 | AZ55: 2 | BA55: 65 | BB55: =+IF(BA55>0,FIXED(Fuelbeds_english!BB55*2.54,1,0),BA55) -> 1.3 | BC55: -1 | BD55: -1 | BE55: -1 | BF55: -1 | BG55: -1 | BH55: -1 | BI55: 100 | BJ55: -1 | BK55: -1 | BL55: =+IF(BK55>0,FIXED(Fuelbeds_english!BL55*2.54,1,0),BK55) -> -1 | BM55: -1 | BN55: -1 | BO55: =+IF(BN55>0,FIXED(Fuelbeds_english!BO55*2.54,1,0),BN55) -> -1
A56: 55 | B56: 2015 | C56: 2015 | D56: 2 - Trop/Sub Dry Broadleaf Forest | E56: 15 - Crops: cotton | F56: -3 | G56: -3 | H56: =+IF(F56>0,INT(Fuelbeds_english!H56*2.471),F56) -> -3 | I56: =+IF(F56>0,INT(Fuelbeds_english!I56*0.3048),F56) -> -3 | J56: =+IF(F56>0,INT(Fuelbeds_english!J56*0.3048),F56) -> -3 | K56: =+IF(F56>0,INT(Fuelbeds_english!K56*2.54),F56) -> -3 | L56: -3 | M56: -3 | N56: -3 | O56: -3 | P56: =+IF(O56>0,INT(Fuelbeds_english!P56*2.471),O56) -> -3 | Q56: =+IF(O56>0,INT(Fuelbeds_english!Q56*0.3048),O56) -> -3 | R56: =+IF(O56>0,INT(Fuelbeds_english!R56*0.3048),O56) -> -3 | S56: =+IF(O56>0,INT(Fuelbeds_english!S56*2.54),O56) -> -3 | T56: -3 | U56: -3 | V56: -3 | W56: -3 | X56: -3 | Y56: -3 | Z56: =+IF(Y56>0,FIXED(Fuelbeds_english!Z56*0.3048,1,0),Y56) -> -3 | AA56: -3 | AB56: -3 | AC56: -3 | AD56: -3 | AE56: 100 | AF56: =+IF(AE56>0,FIXED(Fuelbeds_english!AF56*0.3048,1,0),AE56) -> 0.2 | AG56: 0 | AH56: =+IF(AE56>0,FIXED(Fuelbeds_english!AH56*2.242,1,0),AE56) -> 1.5 | AI56: 21711 | AJ56: Gossypium hirsutum | AK56: 100 | AL56: -3 | AM56: =+IF(AL56>0,FIXED(Fuelbeds_english!AM56*2.54,1,0),AL56) -> -3 | AN56: =+IF(AM56>0,FIXED(Fuelbeds_english!AN56*0.3048,1,0),AM56) -> -3 | AO56: =+IF(AN56>0,FIXED(Fuelbeds_english!AO56*0.3048,1,0),AN56) -> -3 | AP56: =+IF(AO56>0,FIXED(Fuelbeds_english!AP56*0.3048,1,0),AO56) -> -3 | AQ56: =+IF(AP56>0,FIXED(Fuelbeds_english!AQ56*0.3048,1,0),AP56) -> -3 | AR56: -3 | AS56: -3 | AT56: -3 | AU56: -1 | AV56: =+IF(AU56>0,FIXED(Fuelbeds_english!AV56*2.54,1,0),AU56) -> -1 | AW56: -1 | AX56: -1 | AY56: =+IF(AX56>0,FIXED(Fuelbeds_english!AY56*2.54,1,0),AX56) -> -1 | AZ56: 2 | BA56: 65 | BB56: =+IF(BA56>0,FIXED(Fuelbeds_english!BB56*2.54,1,0),BA56) -> 1.3 | BC56: -1 | BD56: -1 | BE56: -1 | BF56: -1 | BG56: -1 | BH56: -1 | BI56: 100 | BJ56: -1 | BK56: -1 | BL56: =+IF(BK56>0,FIXED(Fuelbeds_english!BL56*2.54,1,0),BK56) -> -1 | BM56: -1 | BN56: -1 | BO56: =+IF(BN56>0,FIXED(Fuelbeds_english!BO56*2.54,1,0),BN56) -> -1
A57: 56 | B57: 2020 | C57: 2020 | D57: 2 - Trop/Sub Dry Broadleaf Forest | E57: 20 - Mosaic Crops/Vegetation: wheat | F57: 6.46699 | G57: 6.46699 | H57: =+IF(F57>0,INT(Fuelbeds_english!H57*2.471),F57) -> 31 | I57: =+IF(F57>0,INT(Fuelbeds_english!I57*0.3048),F57) -> 8 | J57: =+IF(F57>0,INT(Fuelbeds_english!J57*0.3048),F57) -> 4 | K57: =+IF(F57>0,INT(Fuelbeds_english!K57*2.54),F57) -> 16 | L57: 28766 | M57: Bursera simaruba | N57: 100 | O57: 3.5418438 | P57: =+IF(O57>0,INT(Fuelbeds_english!P57*2.471),O57) -> 21 | Q57: =+IF(O57>0,INT(Fuelbeds_english!Q57*0.3048),O57) -> 5 | R57: =+IF(O57>0,INT(Fuelbeds_english!R57*0.3048),O57) -> 2 | S57: =+IF(O57>0,INT(Fuelbeds_english!S57*2.54),O57) -> 9 | T57: 28766 | U57: Bursera simaruba | V57: 100 | W57: 1 | X57: 3 | Y57: 34 | Z57: =+IF(Y57>0,FIXED(Fuelbeds_english!Z57*0.3048,1,0),Y57) -> 1.2 | AA57: 85 | AB57: 28862 | AC57: Zanthoxylum fagara | AD57: 100 | AE57: 60 | AF57: =+IF(AE57>0,FIXED(Fuelbeds_english!AF57*0.3048,1,0),AE57) -> 0.2 | AG57: 0 | AH57: =+IF(AE57>0,FIXED(Fuelbeds_english!AH57*2.242,1,0),AE57) -> 0.2 | AI57: 42236 | AJ57: Triticum spp. | AK57: 100 | AL57: 11 | AM57: =+IF(AL57>0,FIXED(Fuelbeds_english!AM57*2.54,1,0),AL57) -> 1.5 | AN57: =+IF($AM57>0,FIXED(Fuelbeds_english!AN57*2.242,1,0),$AM57) -> 1.4 | AO57: =+IF($AM57>0,FIXED(Fuelbeds_english!AO57*2.242,1,0),$AM57) -> 1.0 | AP57: =+IF($AM57>0,FIXED(Fuelbeds_english!AP57*2.242,1,0),$AM57) -> 1.6 | AQ57: =+IF($AM57>0,FIXED(Fuelbeds_english!AQ57*2.242,1,0),$AM57) -> 1.2 | AR57: 28766 | AS57: Bursera simaruba | AT57: 100 | AU57: -1 | AV57: =+IF(AU57>0,FIXED(Fuelbeds_english!AV57*2.54,1,0),AU57) -> -1 | AW57: -1 | AX57: -1 | AY57: =+IF(AX57>0,FIXED(Fuelbeds_english!AY57*2.54,1,0),AX57) -> -1 | AZ57: 2 | BA57: 90 | BB57: =+IF(BA57>0,FIXED(Fuelbeds_english!BB57*2.54,1,0),BA57) -> 2.5 | BC57: -1 | BD57: -1 | BE57: -1 | BF57: 6 | BG57: 34 | BH57: -1 | BI57: 60 | BJ57: 1 | BK57: 33.388606 | BL57: =+IF(BK57>0,FIXED(Fuelbeds_english!BL57*2.54,1,0),BK57) -> 0.5 | BM57: 3 | BN57: 30.049745 | BO57: =+IF(BN57>0,FIXED(Fuelbeds_english!BO57*2.54,1,0),BN57) -> 0.4
A58: 57 | B58: 2021 | C58: 2021 | D58: 2 - Trop/Sub Dry Broadleaf Forest | E58: 21 - Mosaic Crops/Vegetation: rice | F58: 13.2537 | G58: 13.2537 | H58: =+IF(F58>0,INT(Fuelbeds_english!H58*2.471),F58) -> 64 | I58: =+IF(F58>0,INT(Fuelbeds_english!I58*0.3048),F58) -> 12 | J58: =+IF(F58>0,INT(Fuelbeds_english!J58*0.3048),F58) -> 7 | K58: =+IF(F58>0,INT(Fuelbeds_english!K58*2.54),F58) -> 23 | L58: 28766 | M58: Bursera simaruba | N58: 100 | O58: 7.2587919 | P58: =+IF(O58>0,INT(Fuelbeds_english!P58*2.471),O58) -> 44 | Q58: =+IF(O58>0,INT(Fuelbeds_english!Q58*0.3048),O58) -> 7 | R58: =+IF(O58>0,INT(Fuelbeds_english!R58*0.3048),O58) -> 2 | S58: =+IF(O58>0,INT(Fuelbeds_english!S58*2.54),O58) -> 14 | T58: 28766 | U58: Bursera simaruba | V58: 100 | W58: 1 | X58: 3 | Y58: 27 | Z58: =+IF(Y58>0,FIXED(Fuelbeds_english!Z58*0.3048,1,0),Y58) -> 1.2 | AA58: 85 | AB58: 28862 | AC58: Zanthoxylum fagara | AD58: 100 | AE58: 60 | AF58: =+IF(AE58>0,FIXED(Fuelbeds_english!AF58*0.3048,1,0),AE58) -> 0.2 | AG58: 0 | AH58: =+IF(AE58>0,FIXED(Fuelbeds_english!AH58*2.242,1,0),AE58) -> 1.7 | AI58: 41976 | AJ58: Oryza sativa | AK58: 100 | AL58: 11 | AM58: =+IF(AL58>0,FIXED(Fuelbeds_english!AM58*2.54,1,0),AL58) -> 1.5 | AN58: =+IF($AM58>0,FIXED(Fuelbeds_english!AN58*2.242,1,0),$AM58) -> 1.4 | AO58: =+IF($AM58>0,FIXED(Fuelbeds_english!AO58*2.242,1,0),$AM58) -> 1.0 | AP58: =+IF($AM58>0,FIXED(Fuelbeds_english!AP58*2.242,1,0),$AM58) -> 1.6 | AQ58: =+IF($AM58>0,FIXED(Fuelbeds_english!AQ58*2.242,1,0),$AM58) -> 1.2 | AR58: 28766 | AS58: Bursera simaruba | AT58: 100 | AU58: -1 | AV58: =+IF(AU58>0,FIXED(Fuelbeds_english!AV58*2.54,1,0),AU58) -> -1 | AW58: -1 | AX58: -1 | AY58: =+IF(AX58>0,FIXED(Fuelbeds_english!AY58*2.54,1,0),AX58) -> -1 | AZ58: 2 | BA58: 90 | BB58: =+IF(BA58>0,FIXED(Fuelbeds_english!BB58*2.54,1,0),BA58) -> 2.5 | BC58: -1 | BD58: -1 | BE58: -1 | BF58: 13 | BG58: 27 | BH58: -1 | BI58: 60 | BJ58: 1 | BK58: 33.212624 | BL58: =+IF(BK58>0,FIXED(Fuelbeds_english!BL58*2.54,1,0),BK58) -> 0.5 | BM58: 3 | BN58: 29.891361 | BO58: =+IF(BN58>0,FIXED(Fuelbeds_english!BO58*2.54,1,0),BN58) -> 0.4
A59: 58 | B59: 2022 | C59: 2022 | D59: 2 - Trop/Sub Dry Broadleaf Forest | E59: 22 - Mosaic Crops/Vegetation: maize | F59: 25.7498 | G59: 25.7498 | H59: =+IF(F59>0,INT(Fuelbeds_english!H59*2.471),F59) -> 125 | I59: =+IF(F59>0,INT(Fuelbeds_english!I59*0.3048),F59) -> 13 | J59: =+IF(F59>0,INT(Fuelbeds_english!J59*0.3048),F59) -> 7 | K59: =+IF(F59>0,INT(Fuelbeds_english!K59*2.54),F59) -> 26 | L59: 28766 | M59: Bursera simaruba | N59: 100 | O59: 14.102661 | P59: =+IF(O59>0,INT(Fuelbeds_english!P59*2.471),O59) -> 86 | Q59: =+IF(O59>0,INT(Fuelbeds_english!Q59*0.3048),O59) -> 8 | R59: =+IF(O59>0,INT(Fuelbeds_english!R59*0.3048),O59) -> 3 | S59: =+IF(O59>0,INT(Fuelbeds_english!S59*2.54),O59) -> 16 | T59: 28766 | U59: Bursera simaruba | V59: 100 | W59: 1 | X59: 3 | Y59: 14 | Z59: =+IF(Y59>0,FIXED(Fuelbeds_english!Z59*0.3048,1,0),Y59) -> 1.2 | AA59: 85 | AB59: 28862 | AC59: Zanthoxylum fagara | AD59: 100 | AE59: 60 | AF59: =+IF(AE59>0,FIXED(Fuelbeds_english!AF59*0.3048,1,0),AE59) -> 0.2 | AG59: 0 | AH59: =+IF(AE59>0,FIXED(Fuelbeds_english!AH59*2.242,1,0),AE59) -> 0.6 | AI59: 42269 | AJ59: Zea mays | AK59: 100 | AL59: 11 | AM59: =+IF(AL59>0,FIXED(Fuelbeds_english!AM59*2.54,1,0),AL59) -> 1.5 | AN59: =+IF($AM59>0,FIXED(Fuelbeds_english!AN59*2.242,1,0),$AM59) -> 1.3 | AO59: =+IF($AM59>0,FIXED(Fuelbeds_english!AO59*2.242,1,0),$AM59) -> 1.0 | AP59: =+IF($AM59>0,FIXED(Fuelbeds_english!AP59*2.242,1,0),$AM59) -> 1.5 | AQ59: =+IF($AM59>0,FIXED(Fuelbeds_english!AQ59*2.242,1,0),$AM59) -> 1.2 | AR59: 28766 | AS59: Bursera simaruba | AT59: 100 | AU59: -1 | AV59: =+IF(AU59>0,FIXED(Fuelbeds_english!AV59*2.54,1,0),AU59) -> -1 | AW59: -1 | AX59: -1 | AY59: =+IF(AX59>0,FIXED(Fuelbeds_english!AY59*2.54,1,0),AX59) -> -1 | AZ59: 2 | BA59: 90 | BB59: =+IF(BA59>0,FIXED(Fuelbeds_english!BB59*2.54,1,0),BA59) -> 2.5 | BC59: -1 | BD59: -1 | BE59: -1 | BF59: 26 | BG59: 14 | BH59: -1 | BI59: 60 | BJ59: 1 | BK59: 32.796865 | BL59: =+IF(BK59>0,FIXED(Fuelbeds_english!BL59*2.54,1,0),BK59) -> 0.5 | BM59: 3 | BN59: 29.517178 | BO59: =+IF(BN59>0,FIXED(Fuelbeds_english!BO59*2.54,1,0),BN59) -> 0.4
A60: 59 | B60: 2023 | C60: 2023 | D60: 2 - Trop/Sub Dry Broadleaf Forest | E60: 23 - Mosaic Crops/Vegetation: soybean | F60: 7.65723 | G60: 7.65723 | H60: =+IF(F60>0,INT(Fuelbeds_english!H60*2.471),F60) -> 37 | I60: =+IF(F60>0,INT(Fuelbeds_english!I60*0.3048),F60) -> 9 | J60: =+IF(F60>0,INT(Fuelbeds_english!J60*0.3048),F60) -> 5 | K60: =+IF(F60>0,INT(Fuelbeds_english!K60*2.54),F60) -> 19 | L60: 28766 | M60: Bursera simaruba | N60: 100 | O60: 4.1937149 | P60: =+IF(O60>0,INT(Fuelbeds_english!P60*2.471),O60) -> 25 | Q60: =+IF(O60>0,INT(Fuelbeds_english!Q60*0.3048),O60) -> 5 | R60: =+IF(O60>0,INT(Fuelbeds_english!R60*0.3048),O60) -> 2 | S60: =+IF(O60>0,INT(Fuelbeds_english!S60*2.54),O60) -> 11 | T60: 28766 | U60: Bursera simaruba | V60: 100 | W60: 1 | X60: 3 | Y60: 32 | Z60: =+IF(Y60>0,FIXED(Fuelbeds_english!Z60*0.3048,1,0),Y60) -> 1.2 | AA60: 85 | AB60: 28862 | AC60: Zanthoxylum fagara | AD60: 100 | AE60: 60 | AF60: =+IF(AE60>0,FIXED(Fuelbeds_english!AF60*0.3048,1,0),AE60) -> 0.2 | AG60: 0 | AH60: =+IF(AE60>0,FIXED(Fuelbeds_english!AH60*2.242,1,0),AE60) -> 0.2 | AI60: 26716 | AJ60: Glycine max | AK60: 100 | AL60: 11 | AM60: =+IF(AL60>0,FIXED(Fuelbeds_english!AM60*2.54,1,0),AL60) -> 1.5 | AN60: =+IF($AM60>0,FIXED(Fuelbeds_english!AN60*2.242,1,0),$AM60) -> 1.3 | AO60: =+IF($AM60>0,FIXED(Fuelbeds_english!AO60*2.242,1,0),$AM60) -> 1.0 | AP60: =+IF($AM60>0,FIXED(Fuelbeds_english!AP60*2.242,1,0),$AM60) -> 1.5 | AQ60: =+IF($AM60>0,FIXED(Fuelbeds_english!AQ60*2.242,1,0),$AM60) -> 1.2 | AR60: 28766 | AS60: Bursera simaruba | AT60: 100 | AU60: -1 | AV60: =+IF(AU60>0,FIXED(Fuelbeds_english!AV60*2.54,1,0),AU60) -> -1 | AW60: -1 | AX60: -1 | AY60: =+IF(AX60>0,FIXED(Fuelbeds_english!AY60*2.54,1,0),AX60) -> -1 | AZ60: 2 | BA60: 90 | BB60: =+IF(BA60>0,FIXED(Fuelbeds_english!BB60*2.54,1,0),BA60) -> 2.5 | BC60: -1 | BD60: -1 | BE60: -1 | BF60: 8 | BG60: 32 | BH60: -1 | BI60: 60 | BJ60: 1 | BK60: 32.720487 | BL60: =+IF(BK60>0,FIXED(Fuelbeds_english!BL60*2.54,1,0),BK60) -> 0.5 | BM60: 3 | BN60: 29.448438 | BO60: =+IF(BN60>0,FIXED(Fuelbeds_english!BO60*2.54,1,0),BN60) -> 0.4
A61: 60 | B61: 2026 | C61: 2026 | D61: 2 - Trop/Sub Dry Broadleaf Forest | E61: 26 - Mosaic Crops/Vegetation: beans | F61: 17.9868 | G61: 17.9868 | H61: =+IF(F61>0,INT(Fuelbeds_english!H61*2.471),F61) -> 87 | I61: =+IF(F61>0,INT(Fuelbeds_english!I61*0.3048),F61) -> 10 | J61: =+IF(F61>0,INT(Fuelbeds_english!J61*0.3048),F61) -> 6 | K61: =+IF(F61>0,INT(Fuelbeds_english!K61*2.54),F61) -> 20 | L61: 28766 | M61: Bursera simaruba | N61: 100 | O61: 9.851018 | P61: =+IF(O61>0,INT(Fuelbeds_english!P61*2.471),O61) -> 60 | Q61: =+IF(O61>0,INT(Fuelbeds_english!Q61*0.3048),O61) -> 6 | R61: =+IF(O61>0,INT(Fuelbeds_english!R61*0.3048),O61) -> 2 | S61: =+IF(O61>0,INT(Fuelbeds_english!S61*2.54),O61) -> 12 | T61: 28766 | U61: Bursera simaruba | V61: 100 | W61: 1 | X61: 3 | Y61: 22 | Z61: =+IF(Y61>0,FIXED(Fuelbeds_english!Z61*0.3048,1,0),Y61) -> 1.2 | AA61: 85 | AB61: 28862 | AC61: Zanthoxylum fagara | AD61: 100 | AE61: 60 | AF61: =+IF(AE61>0,FIXED(Fuelbeds_english!AF61*0.3048,1,0),AE61) -> 0.2 | AG61: 0 | AH61: =+IF(AE61>0,FIXED(Fuelbeds_english!AH61*2.242,1,0),AE61) -> 0.2 | AI61: 26857 | AJ61: Phaseolus vulgaris | AK61: 100 | AL61: 11 | AM61: =+IF(AL61>0,FIXED(Fuelbeds_english!AM61*2.54,1,0),AL61) -> 1.5 | AN61: =+IF($AM61>0,FIXED(Fuelbeds_english!AN61*2.242,1,0),$AM61) -> 1.3 | AO61: =+IF($AM61>0,FIXED(Fuelbeds_english!AO61*2.242,1,0),$AM61) -> 1.0 | AP61: =+IF($AM61>0,FIXED(Fuelbeds_english!AP61*2.242,1,0),$AM61) -> 1.5 | AQ61: =+IF($AM61>0,FIXED(Fuelbeds_english!AQ61*2.242,1,0),$AM61) -> 1.2 | AR61: 28766 | AS61: Bursera simaruba | AT61: 100 | AU61: -1 | AV61: =+IF(AU61>0,FIXED(Fuelbeds_english!AV61*2.54,1,0),AU61) -> -1 | AW61: -1 | AX61: -1 | AY61: =+IF(AX61>0,FIXED(Fuelbeds_english!AY61*2.54,1,0),AX61) -> -1 | AZ61: 2 | BA61: 90 | BB61: =+IF(BA61>0,FIXED(Fuelbeds_english!BB61*2.54,1,0),BA61) -> 2.5 | BC61: -1 | BD61: -1 | BE61: -1 | BF61: 18 | BG61: 22 | BH61: -1 | BI61: 60 | BJ61: 1 | BK61: 32.992409 | BL61: =+IF(BK61>0,FIXED(Fuelbeds_english!BL61*2.54,1,0),BK61) -> 0.5 | BM61: 3 | BN61: 29.693168 | BO61: =+IF(BN61>0,FIXED(Fuelbeds_english!BO61*2.54,1,0),BN61) -> 0.4
A62: 61 | B62: 2029 | C62: 2029 | D62: 2 - Trop/Sub Dry Broadleaf Forest | E62: 29 - Mosaic Crops/Vegetation: sugarcane | F62: 19.2045 | G62: 19.2045 | H62: =+IF(F62>0,INT(Fuelbeds_english!H62*2.471),F62) -> 93 | I62: =+IF(F62>0,INT(Fuelbeds_english!I62*0.3048),F62) -> 13 | J62: =+IF(F62>0,INT(Fuelbeds_english!J62*0.3048),F62) -> 7 | K62: =+IF(F62>0,INT(Fuelbeds_english!K62*2.54),F62) -> 26 | L62: 28766 | M62: Bursera simaruba | N62: 100 | O62: 10.517928 | P62: =+IF(O62>0,INT(Fuelbeds_english!P62*2.471),O62) -> 64 | Q62: =+IF(O62>0,INT(Fuelbeds_english!Q62*0.3048),O62) -> 8 | R62: =+IF(O62>0,INT(Fuelbeds_english!R62*0.3048),O62) -> 3 | S62: =+IF(O62>0,INT(Fuelbeds_english!S62*2.54),O62) -> 15 | T62: 28766 | U62: Bursera simaruba | V62: 100 | W62: 1 | X62: 3 | Y62: 21 | Z62: =+IF(Y62>0,FIXED(Fuelbeds_english!Z62*0.3048,1,0),Y62) -> 1.2 | AA62: 85 | AB62: 28862 | AC62: Zanthoxylum fagara | AD62: 100 | AE62: 60 | AF62: =+IF(AE62>0,FIXED(Fuelbeds_english!AF62*0.3048,1,0),AE62) -> 3.0 | AG62: 100 | AH62: =+IF(AE62>0,FIXED(Fuelbeds_english!AH62*2.242,1,0),AE62) -> 5.4 | AI62: 42058 | AJ62: Saccharum officinarum | AK62: 100 | AL62: 11 | AM62: =+IF(AL62>0,FIXED(Fuelbeds_english!AM62*2.54,1,0),AL62) -> 1.5 | AN62: =+IF($AM62>0,FIXED(Fuelbeds_english!AN62*2.242,1,0),$AM62) -> 1.4 | AO62: =+IF($AM62>0,FIXED(Fuelbeds_english!AO62*2.242,1,0),$AM62) -> 1.0 | AP62: =+IF($AM62>0,FIXED(Fuelbeds_english!AP62*2.242,1,0),$AM62) -> 1.6 | AQ62: =+IF($AM62>0,FIXED(Fuelbeds_english!AQ62*2.242,1,0),$AM62) -> 1.2 | AR62: 28766 | AS62: Bursera simaruba | AT62: 100 | AU62: -1 | AV62: =+IF(AU62>0,FIXED(Fuelbeds_english!AV62*2.54,1,0),AU62) -> -1 | AW62: -1 | AX62: -1 | AY62: =+IF(AX62>0,FIXED(Fuelbeds_english!AY62*2.54,1,0),AX62) -> -1 | AZ62: 2 | BA62: 90 | BB62: =+IF(BA62>0,FIXED(Fuelbeds_english!BB62*2.54,1,0),BA62) -> 2.5 | BC62: -1 | BD62: -1 | BE62: -1 | BF62: 19 | BG62: 21 | BH62: -1 | BI62: 60 | BJ62: 1 | BK62: 33.17203 | BL62: =+IF(BK62>0,FIXED(Fuelbeds_english!BL62*2.54,1,0),BK62) -> 0.5 | BM62: 3 | BN62: 29.854827 | BO62: =+IF(BN62>0,FIXED(Fuelbeds_english!BO62*2.54,1,0),BN62) -> 0.4
A63: 62 | B63: 2030 | C63: 2030 | D63: 2 - Trop/Sub Dry Broadleaf Forest | E63: 30 - Mosaic Vegetation/Crops: wheat | F63: 10.8071 | G63: 10.8071 | H63: =+IF(F63>0,INT(Fuelbeds_english!H63*2.471),F63) -> 52 | I63: =+IF(F63>0,INT(Fuelbeds_english!I63*0.3048),F63) -> 9 | J63: =+IF(F63>0,INT(Fuelbeds_english!J63*0.3048),F63) -> 5 | K63: =+IF(F63>0,INT(Fuelbeds_english!K63*2.54),F63) -> 19 | L63: 28766 | M63: Bursera simaruba | N63: 100 | O63: 5.918837 | P63: =+IF(O63>0,INT(Fuelbeds_english!P63*2.471),O63) -> 36 | Q63: =+IF(O63>0,INT(Fuelbeds_english!Q63*0.3048),O63) -> 5 | R63: =+IF(O63>0,INT(Fuelbeds_english!R63*0.3048),O63) -> 2 | S63: =+IF(O63>0,INT(Fuelbeds_english!S63*2.54),O63) -> 11 | T63: 28766 | U63: Bursera simaruba | V63: 100 | W63: 1 | X63: 3 | Y63: 49 | Z63: =+IF(Y63>0,FIXED(Fuelbeds_english!Z63*0.3048,1,0),Y63) -> 1.2 | AA63: 85 | AB63: 28862 | AC63: Zanthoxylum fagara | AD63: 100 | AE63: 40 | AF63: =+IF(AE63>0,FIXED(Fuelbeds_english!AF63*0.3048,1,0),AE63) -> 0.2 | AG63: 0 | AH63: =+IF(AE63>0,FIXED(Fuelbeds_english!AH63*2.242,1,0),AE63) -> 0.2 | AI63: 42236 | AJ63: Triticum spp. | AK63: 100 | AL63: 16.955621 | AM63: =+IF(AL63>0,FIXED(Fuelbeds_english!AM63*2.54,1,0),AL63) -> 2.3 | AN63: =+IF($AM63>0,FIXED(Fuelbeds_english!AN63*2.242,1,0),$AM63) -> 2.0 | AO63: =+IF($AM63>0,FIXED(Fuelbeds_english!AO63*2.242,1,0),$AM63) -> 1.5 | AP63: =+IF($AM63>0,FIXED(Fuelbeds_english!AP63*2.242,1,0),$AM63) -> 2.3 | AQ63: =+IF($AM63>0,FIXED(Fuelbeds_english!AQ63*2.242,1,0),$AM63) -> 1.8 | AR63: 28766 | AS63: Bursera simaruba | AT63: 100 | AU63: -1 | AV63: =+IF(AU63>0,FIXED(Fuelbeds_english!AV63*2.54,1,0),AU63) -> -1 | AW63: -1 | AX63: -1 | AY63: =+IF(AX63>0,FIXED(Fuelbeds_english!AY63*2.54,1,0),AX63) -> -1 | AZ63: 1 | BA63: 90 | BB63: =+IF(BA63>0,FIXED(Fuelbeds_english!BB63*2.54,1,0),BA63) -> 2.5 | BC63: -1 | BD63: -1 | BE63: -1 | BF63: 11 | BG63: 49 | BH63: -1 | BI63: 40 | BJ63: 1 | BK63: 49.345792 | BL63: =+IF(BK63>0,FIXED(Fuelbeds_english!BL63*2.54,1,0),BK63) -> 0.5 | BM63: 3 | BN63: 44.411213 | BO63: =+IF(BN63>0,FIXED(Fuelbeds_english!BO63*2.54,1,0),BN63) -> 0.4
A64: 63 | B64: 2031 | C64: 2031 | D64: 2 - Trop/Sub Dry Broadleaf Forest | E64: 31 - Mosaic Vegetation/Crops: rice | F64: 22.2694 | G64: 22.2694 | H64: =+IF(F64>0,INT(Fuelbeds_english!H64*2.471),F64) -> 108 | I64: =+IF(F64>0,INT(Fuelbeds_english!I64*0.3048),F64) -> 14 | J64: =+IF(F64>0,INT(Fuelbeds_english!J64*0.3048),F64) -> 8 | K64: =+IF(F64>0,INT(Fuelbeds_english!K64*2.54),F64) -> 28 | L64: 28766 | M64: Bursera simaruba | N64: 100 | O64: 12.196514 | P64: =+IF(O64>0,INT(Fuelbeds_english!P64*2.471),O64) -> 74 | Q64: =+IF(O64>0,INT(Fuelbeds_english!Q64*0.3048),O64) -> 8 | R64: =+IF(O64>0,INT(Fuelbeds_english!R64*0.3048),O64) -> 3 | S64: =+IF(O64>0,INT(Fuelbeds_english!S64*2.54),O64) -> 17 | T64: 28766 | U64: Bursera simaruba | V64: 100 | W64: 1 | X64: 3 | Y64: 38 | Z64: =+IF(Y64>0,FIXED(Fuelbeds_english!Z64*0.3048,1,0),Y64) -> 1.2 | AA64: 85 | AB64: 28862 | AC64: Zanthoxylum fagara | AD64: 100 | AE64: 40 | AF64: =+IF(AE64>0,FIXED(Fuelbeds_english!AF64*0.3048,1,0),AE64) -> 0.2 | AG64: 0 | AH64: =+IF(AE64>0,FIXED(Fuelbeds_english!AH64*2.242,1,0),AE64) -> 1.2 | AI64: 41976 | AJ64: Oryza sativa | AK64: 100 | AL64: 16.912093 | AM64: =+IF(AL64>0,FIXED(Fuelbeds_english!AM64*2.54,1,0),AL64) -> 2.3 | AN64: =+IF($AM64>0,FIXED(Fuelbeds_english!AN64*2.242,1,0),$AM64) -> 2.0 | AO64: =+IF($AM64>0,FIXED(Fuelbeds_english!AO64*2.242,1,0),$AM64) -> 1.6 | AP64: =+IF($AM64>0,FIXED(Fuelbeds_english!AP64*2.242,1,0),$AM64) -> 2.3 | AQ64: =+IF($AM64>0,FIXED(Fuelbeds_english!AQ64*2.242,1,0),$AM64) -> 1.8 | AR64: 28766 | AS64: Bursera simaruba | AT64: 100 | AU64: -1 | AV64: =+IF(AU64>0,FIXED(Fuelbeds_english!AV64*2.54,1,0),AU64) -> -1 | AW64: -1 | AX64: -1 | AY64: =+IF(AX64>0,FIXED(Fuelbeds_english!AY64*2.54,1,0),AX64) -> -1 | AZ64: 1 | BA64: 90 | BB64: =+IF(BA64>0,FIXED(Fuelbeds_english!BB64*2.54,1,0),BA64) -> 2.5 | BC64: -1 | BD64: -1 | BE64: -1 | BF64: 22 | BG64: 38 | BH64: -1 | BI64: 40 | BJ64: 1 | BK64: 49.727228 | BL64: =+IF(BK64>0,FIXED(Fuelbeds_english!BL64*2.54,1,0),BK64) -> 0.5 | BM64: 3 | BN64: 44.754505 | BO64: =+IF(BN64>0,FIXED(Fuelbeds_english!BO64*2.54,1,0),BN64) -> 0.4
A65: 64 | B65: 2032a | C65: 912032 | D65: 2 - Trop/Sub Dry Broadleaf Forest | E65: 32 - Mosaic Vegetation/Crops: maize | F65: 16.8086 | G65: 16.8086 | H65: =+IF(F65>0,INT(Fuelbeds_english!H65*2.471),F65) -> 81 | I65: =+IF(F65>0,INT(Fuelbeds_english!I65*0.3048),F65) -> 11 | J65: =+IF(F65>0,INT(Fuelbeds_english!J65*0.3048),F65) -> 6 | K65: =+IF(F65>0,INT(Fuelbeds_english!K65*2.54),F65) -> 22 | L65: 28766 | M65: Bursera simaruba | N65: 100 | O65: 9.205741 | P65: =+IF(O65>0,INT(Fuelbeds_english!P65*2.471),O65) -> 56 | Q65: =+IF(O65>0,INT(Fuelbeds_english!Q65*0.3048),O65) -> 6 | R65: =+IF(O65>0,INT(Fuelbeds_english!R65*0.3048),O65) -> 2 | S65: =+IF(O65>0,INT(Fuelbeds_english!S65*2.54),O65) -> 13 | T65: 28766 | U65: Bursera simaruba | V65: 100 | W65: 1 | X65: 3 | Y65: 43 | Z65: =+IF(Y65>0,FIXED(Fuelbeds_english!Z65*0.3048,1,0),Y65) -> 1.2 | AA65: 85 | AB65: 28862 | AC65: Zanthoxylum fagara | AD65: 100 | AE65: 40 | AF65: =+IF(AE65>0,FIXED(Fuelbeds_english!AF65*0.3048,1,0),AE65) -> 0.2 | AG65: 0 | AH65: =+IF(AE65>0,FIXED(Fuelbeds_english!AH65*2.242,1,0),AE65) -> 0.4 | AI65: 42269 | AJ65: Zea mays | AK65: 100 | AL65: 16.956046 | AM65: =+IF(AL65>0,FIXED(Fuelbeds_english!AM65*2.54,1,0),AL65) -> 2.3 | AN65: =+IF($AM65>0,FIXED(Fuelbeds_english!AN65*2.242,1,0),$AM65) -> 2.0 | AO65: =+IF($AM65>0,FIXED(Fuelbeds_english!AO65*2.242,1,0),$AM65) -> 1.5 | AP65: =+IF($AM65>0,FIXED(Fuelbeds_english!AP65*2.242,1,0),$AM65) -> 2.3 | AQ65: =+IF($AM65>0,FIXED(Fuelbeds_english!AQ65*2.242,1,0),$AM65) -> 1.8 | AR65: 28766 | AS65: Bursera simaruba | AT65: 100 | AU65: -1 | AV65: =+IF(AU65>0,FIXED(Fuelbeds_english!AV65*2.54,1,0),AU65) -> -1 | AW65: -1 | AX65: -1 | AY65: =+IF(AX65>0,FIXED(Fuelbeds_english!AY65*2.54,1,0),AX65) -> -1 | AZ65: 1 | BA65: 90 | BB65: =+IF(BA65>0,FIXED(Fuelbeds_english!BB65*2.54,1,0),BA65) -> 2.5 | BC65: -1 | BD65: -1 | BE65: -1 | BF65: 17 | BG65: 43 | BH65: -1 | BI65: 40 | BJ65: 1 | BK65: 49.34703 | BL65: =+IF(BK65>0,FIXED(Fuelbeds_english!BL65*2.54,1,0),BK65) -> 0.5 | BM65: 3 | BN65: 44.412327 | BO65: =+IF(BN65>0,FIXED(Fuelbeds_english!BO65*2.54,1,0),BN65) -> 0.4
A66: 65 | B66: 2032b | C66: 922032 | D66: 2 - Trop/Sub Dry Broadleaf Forest | E66: 32 - Mosaic Vegetation/Crops: maize | F66: 52.365 | G66: 52.365 | H66: =+IF(F66>0,INT(Fuelbeds_english!H66*2.471),F66) -> 254 | I66: =+IF(F66>0,INT(Fuelbeds_english!I66*0.3048),F66) -> 14 | J66: =+IF(F66>0,INT(Fuelbeds_english!J66*0.3048),F66) -> 8 | K66: =+IF(F66>0,INT(Fuelbeds_english!K66*2.54),F66) -> 29 | L66: 28766 | M66: Bursera simaruba | N66: 100 | O66: 28.679285 | P66: =+IF(O66>0,INT(Fuelbeds_english!P66*2.471),O66) -> 175 | Q66: =+IF(O66>0,INT(Fuelbeds_english!Q66*0.3048),O66) -> 8 | R66: =+IF(O66>0,INT(Fuelbeds_english!R66*0.3048),O66) -> 3 | S66: =+IF(O66>0,INT(Fuelbeds_english!S66*2.54),O66) -> 17 | T66: 28766 | U66: Bursera simaruba | V66: 100 | W66: 1 | X66: 3 | Y66: 8 | Z66: =+IF(Y66>0,FIXED(Fuelbeds_english!Z66*0.3048,1,0),Y66) -> 1.2 | AA66: 85 | AB66: 28862 | AC66: Zanthoxylum fagara | AD66: 100 | AE66: 40 | AF66: =+IF(AE66>0,FIXED(Fuelbeds_english!AF66*0.3048,1,0),AE66) -> 0.2 | AG66: 0 | AH66: =+IF(AE66>0,FIXED(Fuelbeds_english!AH66*2.242,1,0),AE66) -> 0.4 | AI66: 42269 | AJ66: Zea mays | AK66: 100 | AL66: 17 | AM66: =+IF(AL66>0,FIXED(Fuelbeds_english!AM66*2.54,1,0),AL66) -> 2.3 | AN66: =+IF($AM66>0,FIXED(Fuelbeds_english!AN66*2.242,1,0),$AM66) -> 2.0 | AO66: =+IF($AM66>0,FIXED(Fuelbeds_english!AO66*2.242,1,0),$AM66) -> 1.6 | AP66: =+IF($AM66>0,FIXED(Fuelbeds_english!AP66*2.242,1,0),$AM66) -> 2.3 | AQ66: =+IF($AM66>0,FIXED(Fuelbeds_english!AQ66*2.242,1,0),$AM66) -> 1.8 | AR66: 28766 | AS66: Bursera simaruba | AT66: 100 | AU66: -1 | AV66: =+IF(AU66>0,FIXED(Fuelbeds_english!AV66*2.54,1,0),AU66) -> -1 | AW66: -1 | AX66: -1 | AY66: =+IF(AX66>0,FIXED(Fuelbeds_english!AY66*2.54,1,0),AX66) -> -1 | AZ66: 1 | BA66: 90 | BB66: =+IF(BA66>0,FIXED(Fuelbeds_english!BB66*2.54,1,0),BA66) -> 2.5 | BC66: -1 | BD66: -1 | BE66: -1 | BF66: 52 | BG66: 8 | BH66: -1 | BI66: 40 | BJ66: 1 | BK66: 49.806106 | BL66: =+IF(BK66>0,FIXED(Fuelbeds_english!BL66*2.54,1,0),BK66) -> 0.5 | BM66: 3 | BN66: 44.825495 | BO66: =+IF(BN66>0,FIXED(Fuelbeds_english!BO66*2.54,1,0),BN66) -> 0.4
A67: 66 | B67: 2033 | C67: 2033 | D67: 2 - Trop/Sub Dry Broadleaf Forest | E67: 33 - Mosaic Vegetation/Crops: soybean | F67: 23.5479 | G67: 23.5479 | H67: =+IF(F67>0,INT(Fuelbeds_english!H67*2.471),F67) -> 114 | I67: =+IF(F67>0,INT(Fuelbeds_english!I67*0.3048),F67) -> 13 | J67: =+IF(F67>0,INT(Fuelbeds_english!J67*0.3048),F67) -> 8 | K67: =+IF(F67>0,INT(Fuelbeds_english!K67*2.54),F67) -> 27 | L67: 28766 | M67: Bursera simaruba | N67: 100 | O67: 12.896724 | P67: =+IF(O67>0,INT(Fuelbeds_english!P67*2.471),O67) -> 78 | Q67: =+IF(O67>0,INT(Fuelbeds_english!Q67*0.3048),O67) -> 8 | R67: =+IF(O67>0,INT(Fuelbeds_english!R67*0.3048),O67) -> 3 | S67: =+IF(O67>0,INT(Fuelbeds_english!S67*2.54),O67) -> 16 | T67: 28766 | U67: Bursera simaruba | V67: 100 | W67: 1 | X67: 3 | Y67: 36 | Z67: =+IF(Y67>0,FIXED(Fuelbeds_english!Z67*0.3048,1,0),Y67) -> 1.2 | AA67: 85 | AB67: 28862 | AC67: Zanthoxylum fagara | AD67: 100 | AE67: 40 | AF67: =+IF(AE67>0,FIXED(Fuelbeds_english!AF67*0.3048,1,0),AE67) -> 0.2 | AG67: 0 | AH67: =+IF(AE67>0,FIXED(Fuelbeds_english!AH67*2.242,1,0),AE67) -> 0.2 | AI67: 26716 | AJ67: Glycine max | AK67: 100 | AL67: 17 | AM67: =+IF(AL67>0,FIXED(Fuelbeds_english!AM67*2.54,1,0),AL67) -> 2.3 | AN67: =+IF($AM67>0,FIXED(Fuelbeds_english!AN67*2.242,1,0),$AM67) -> 2.0 | AO67: =+IF($AM67>0,FIXED(Fuelbeds_english!AO67*2.242,1,0),$AM67) -> 1.5 | AP67: =+IF($AM67>0,FIXED(Fuelbeds_english!AP67*2.242,1,0),$AM67) -> 2.3 | AQ67: =+IF($AM67>0,FIXED(Fuelbeds_english!AQ67*2.242,1,0),$AM67) -> 1.8 | AR67: 28766 | AS67: Bursera simaruba | AT67: 100 | AU67: -1 | AV67: =+IF(AU67>0,FIXED(Fuelbeds_english!AV67*2.54,1,0),AU67) -> -1 | AW67: -1 | AX67: -1 | AY67: =+IF(AX67>0,FIXED(Fuelbeds_english!AY67*2.54,1,0),AX67) -> -1 | AZ67: 1 | BA67: 90 | BB67: =+IF(BA67>0,FIXED(Fuelbeds_english!BB67*2.54,1,0),BA67) -> 2.5 | BC67: -1 | BD67: -1 | BE67: -1 | BF67: 24 | BG67: 36 | BH67: -1 | BI67: 40 | BJ67: 1 | BK67: 49.131931 | BL67: =+IF(BK67>0,FIXED(Fuelbeds_english!BL67*2.54,1,0),BK67) -> 0.5 | BM67: 3 | BN67: 44.218738 | BO67: =+IF(BN67>0,FIXED(Fuelbeds_english!BO67*2.54,1,0),BN67) -> 0.4
A68: 67 | B68: 2036 | C68: 2036 | D68: 2 - Trop/Sub Dry Broadleaf Forest | E68: 36 - Mosaic Vegetation/Crops: beans | F68: 16.0491 | G68: 16.0491 | H68: =+IF(F68>0,INT(Fuelbeds_english!H68*2.471),F68) -> 78 | I68: =+IF(F68>0,INT(Fuelbeds_english!I68*0.3048),F68) -> 10 | J68: =+IF(F68>0,INT(Fuelbeds_english!J68*0.3048),F68) -> 6 | K68: =+IF(F68>0,INT(Fuelbeds_english!K68*2.54),F68) -> 21 | L68: 28766 | M68: Bursera simaruba | N68: 100 | O68: 8.7897777 | P68: =+IF(O68>0,INT(Fuelbeds_english!P68*2.471),O68) -> 53 | Q68: =+IF(O68>0,INT(Fuelbeds_english!Q68*0.3048),O68) -> 6 | R68: =+IF(O68>0,INT(Fuelbeds_english!R68*0.3048),O68) -> 2 | S68: =+IF(O68>0,INT(Fuelbeds_english!S68*2.54),O68) -> 12 | T68: 28766 | U68: Bursera simaruba | V68: 100 | W68: 1 | X68: 3 | Y68: 44 | Z68: =+IF(Y68>0,FIXED(Fuelbeds_english!Z68*0.3048,1,0),Y68) -> 1.2 | AA68: 85 | AB68: 28862 | AC68: Zanthoxylum fagara | AD68: 100 | AE68: 40 | AF68: =+IF(AE68>0,FIXED(Fuelbeds_english!AF68*0.3048,1,0),AE68) -> 0.2 | AG68: 0 | AH68: =+IF(AE68>0,FIXED(Fuelbeds_english!AH68*2.242,1,0),AE68) -> 0.2 | AI68: 26857 | AJ68: Phaseolus vulgaris | AK68: 100 | AL68: 17.024229 | AM68: =+IF(AL68>0,FIXED(Fuelbeds_english!AM68*2.54,1,0),AL68) -> 2.3 | AN68: =+IF($AM68>0,FIXED(Fuelbeds_english!AN68*2.242,1,0),$AM68) -> 2.0 | AO68: =+IF($AM68>0,FIXED(Fuelbeds_english!AO68*2.242,1,0),$AM68) -> 1.6 | AP68: =+IF($AM68>0,FIXED(Fuelbeds_english!AP68*2.242,1,0),$AM68) -> 2.3 | AQ68: =+IF($AM68>0,FIXED(Fuelbeds_english!AQ68*2.242,1,0),$AM68) -> 1.8 | AR68: 28766 | AS68: Bursera simaruba | AT68: 100 | AU68: -1 | AV68: =+IF(AU68>0,FIXED(Fuelbeds_english!AV68*2.54,1,0),AU68) -> -1 | AW68: -1 | AX68: -1 | AY68: =+IF(AX68>0,FIXED(Fuelbeds_english!AY68*2.54,1,0),AX68) -> -1 | AZ68: 1 | BA68: 90 | BB68: =+IF(BA68>0,FIXED(Fuelbeds_english!BB68*2.54,1,0),BA68) -> 2.5 | BC68: -1 | BD68: -1 | BE68: -1 | BF68: 16 | BG68: 44 | BH68: -1 | BI68: 40 | BJ68: 1 | BK68: 49.545462 | BL68: =+IF(BK68>0,FIXED(Fuelbeds_english!BL68*2.54,1,0),BK68) -> 0.5 | BM68: 3 | BN68: 44.590916 | BO68: =+IF(BN68>0,FIXED(Fuelbeds_english!BO68*2.54,1,0),BN68) -> 0.4
A69: 68 | B69: 2039 | C69: 2039 | D69: 2 - Trop/Sub Dry Broadleaf Forest | E69: 39 - Mosaic Vegetation/Crops: sugarcane | F69: 18.1311 | G69: 18.1311 | H69: =+IF(F69>0,INT(Fuelbeds_english!H69*2.471),F69) -> 88 | I69: =+IF(F69>0,INT(Fuelbeds_english!I69*0.3048),F69) -> 12 | J69: =+IF(F69>0,INT(Fuelbeds_english!J69*0.3048),F69) -> 7 | K69: =+IF(F69>0,INT(Fuelbeds_english!K69*2.54),F69) -> 25 | L69: 28766 | M69: Bursera simaruba | N69: 100 | O69: 9.9300483 | P69: =+IF(O69>0,INT(Fuelbeds_english!P69*2.471),O69) -> 60 | Q69: =+IF(O69>0,INT(Fuelbeds_english!Q69*0.3048),O69) -> 7 | R69: =+IF(O69>0,INT(Fuelbeds_english!R69*0.3048),O69) -> 3 | S69: =+IF(O69>0,INT(Fuelbeds_english!S69*2.54),O69) -> 15 | T69: 28766 | U69: Bursera simaruba | V69: 100 | W69: 1 | X69: 3 | Y69: 42 | Z69: =+IF(Y69>0,FIXED(Fuelbeds_english!Z69*0.3048,1,0),Y69) -> 1.2 | AA69: 85 | AB69: 28862 | AC69: Zanthoxylum fagara | AD69: 100 | AE69: 40 | AF69: =+IF(AE69>0,FIXED(Fuelbeds_english!AF69*0.3048,1,0),AE69) -> 3.0 | AG69: 100 | AH69: =+IF(AE69>0,FIXED(Fuelbeds_english!AH69*2.242,1,0),AE69) -> 3.6 | AI69: 42058 | AJ69: Saccharum officinarum | AK69: 100 | AL69: 17.047477 | AM69: =+IF(AL69>0,FIXED(Fuelbeds_english!AM69*2.54,1,0),AL69) -> 2.3 | AN69: =+IF($AM69>0,FIXED(Fuelbeds_english!AN69*2.242,1,0),$AM69) -> 2.0 | AO69: =+IF($AM69>0,FIXED(Fuelbeds_english!AO69*2.242,1,0),$AM69) -> 1.6 | AP69: =+IF($AM69>0,FIXED(Fuelbeds_english!AP69*2.242,1,0),$AM69) -> 2.3 | AQ69: =+IF($AM69>0,FIXED(Fuelbeds_english!AQ69*2.242,1,0),$AM69) -> 1.8 | AR69: 28766 | AS69: Bursera simaruba | AT69: 100 | AU69: -1 | AV69: =+IF(AU69>0,FIXED(Fuelbeds_english!AV69*2.54,1,0),AU69) -> -1 | AW69: -1 | AX69: -1 | AY69: =+IF(AX69>0,FIXED(Fuelbeds_english!AY69*2.54,1,0),AX69) -> -1 | AZ69: 1 | BA69: 90 | BB69: =+IF(BA69>0,FIXED(Fuelbeds_english!BB69*2.54,1,0),BA69) -> 2.5 | BC69: -1 | BD69: -1 | BE69: -1 | BF69: 18 | BG69: 42 | BH69: -1 | BI69: 40 | BJ69: 1 | BK69: 49.613119 | BL69: =+IF(BK69>0,FIXED(Fuelbeds_english!BL69*2.54,1,0),BK69) -> 0.5 | BM69: 3 | BN69: 44.651807 | BO69: =+IF(BN69>0,FIXED(Fuelbeds_english!BO69*2.54,1,0),BN69) -> 0.4
A70: 69 | B70: 2040a | C70: 912040 | D70: 2 - Trop/Sub Dry Broadleaf Forest | E70: 40 - Broadleaf evergreen or semidec. trees | F70: 21.6 | G70: 21.6 | H70: =+IF(F70>0,INT(Fuelbeds_english!H70*2.471),F70) -> 47 | I70: =+IF(F70>0,INT(Fuelbeds_english!I70*0.3048),F70) -> 16 | J70: =+IF(F70>0,INT(Fuelbeds_english!J70*0.3048),F70) -> 10 | K70: =+IF(F70>0,INT(Fuelbeds_english!K70*2.54),F70) -> 25 | L70: 195176 | M70: Quercus geminata | N70: 100 | O70: 13.570681 | P70: =+IF(O70>0,INT(Fuelbeds_english!P70*2.471),O70) -> 139 | Q70: =+IF(O70>0,INT(Fuelbeds_english!Q70*0.3048),O70) -> 7 | R70: =+IF(O70>0,INT(Fuelbeds_english!R70*0.3048),O70) -> 3 | S70: =+IF(O70>0,INT(Fuelbeds_english!S70*2.54),O70) -> 11 | T70: 195176 | U70: Quercus geminata | V70: 100 | W70: -1 | X70: -1 | Y70: 2.0586 | Z70: =+IF(Y70>0,FIXED(Fuelbeds_english!Z70*0.3048,1,0),Y70) -> 0.1 | AA70: 85 | AB70: 19092 | AC70: Ficus aurea | AD70: 100 | AE70: 2 | AF70: =+IF(AE70>0,FIXED(Fuelbeds_english!AF70*0.3048,1,0),AE70) -> 0.2 | AG70: 70 | AH70: =+IF(AE70>0,FIXED(Fuelbeds_english!AH70*2.242,1,0),AE70) -> 0.0 | AI70: 40450 | AJ70: Andropogon spp. | AK70: 100 | AL70: 7 | AM70: =+IF(AL70>0,FIXED(Fuelbeds_english!AM70*2.54,1,0),AL70) -> 2.3 | AN70: =+IF($AM70>0,FIXED(Fuelbeds_english!AN70*2.242,1,0),$AM70) -> 0.1 | AO70: =+IF($AM70>0,FIXED(Fuelbeds_english!AO70*2.242,1,0),$AM70) -> 0.2 | AP70: =+IF($AM70>0,FIXED(Fuelbeds_english!AP70*2.242,1,0),$AM70) -> 0.3 | AQ70: =+IF($AM70>0,FIXED(Fuelbeds_english!AQ70*2.242,1,0),$AM70) -> 0.3 | AR70: 195176 | AS70: Quercus geminata | AT70: 100 | AU70: -1 | AV70: =+IF(AU70>0,FIXED(Fuelbeds_english!AV70*2.54,1,0),AU70) -> -1 | AW70: -1 | AX70: -1 | AY70: =+IF(AX70>0,FIXED(Fuelbeds_english!AY70*2.54,1,0),AX70) -> -1 | AZ70: 1 | BA70: 23 | BB70: =+IF(BA70>0,FIXED(Fuelbeds_english!BB70*2.54,1,0),BA70) -> 2.7 | BC70: -1 | BD70: -1 | BE70: -1 | BF70: -1 | BG70: 100 | BH70: -1 | BI70: -1 | BJ70: 1 | BK70: 21.826178 | BL70: =+IF(BK70>0,FIXED(Fuelbeds_english!BL70*2.54,1,0),BK70) -> 1.9 | BM70: 3 | BN70: 21.826178 | BO70: =+IF(BN70>0,FIXED(Fuelbeds_english!BO70*2.54,1,0),BN70) -> 1.9
A71: 70 | B71: 2040b | C71: 922040 | D71: 2 - Trop/Sub Dry Broadleaf Forest | E71: 40 - Broadleaf evergreen or semidec. trees | F71: 55.9 | G71: 55.9 | H71: =+IF(F71>0,INT(Fuelbeds_english!H71*2.471),F71) -> 122 | I71: =+IF(F71>0,INT(Fuelbeds_english!I71*0.3048),F71) -> 19 | J71: =+IF(F71>0,INT(Fuelbeds_english!J71*0.3048),F71) -> 12 | K71: =+IF(F71>0,INT(Fuelbeds_english!K71*2.54),F71) -> 30 | L71: 195176 | M71: Quercus geminata | N71: 100 | O71: 35.120419 | P71: =+IF(O71>0,INT(Fuelbeds_english!P71*2.471),O71) -> 361 | Q71: =+IF(O71>0,INT(Fuelbeds_english!Q71*0.3048),O71) -> 9 | R71: =+IF(O71>0,INT(Fuelbeds_english!R71*0.3048),O71) -> 3 | S71: =+IF(O71>0,INT(Fuelbeds_english!S71*2.54),O71) -> 13 | T71: 195176 | U71: Quercus geminata | V71: 100 | W71: -1 | X71: -1 | Y71: 1.29 | Z71: =+IF(Y71>0,FIXED(Fuelbeds_english!Z71*0.3048,1,0),Y71) -> 0.1 | AA71: 85 | AB71: 19092 | AC71: Ficus aurea | AD71: 100 | AE71: 42 | AF71: =+IF(AE71>0,FIXED(Fuelbeds_english!AF71*0.3048,1,0),AE71) -> 0.2 | AG71: 70 | AH71: =+IF(AE71>0,FIXED(Fuelbeds_english!AH71*2.242,1,0),AE71) -> 0.8 | AI71: 40450 | AJ71: Andropogon spp. | AK71: 100 | AL71: 17 | AM71: =+IF(AL71>0,FIXED(Fuelbeds_english!AM71*2.54,1,0),AL71) -> 2.3 | AN71: =+IF($AM71>0,FIXED(Fuelbeds_english!AN71*2.242,1,0),$AM71) -> 0.3 | AO71: =+IF($AM71>0,FIXED(Fuelbeds_english!AO71*2.242,1,0),$AM71) -> 0.4 | AP71: =+IF($AM71>0,FIXED(Fuelbeds_english!AP71*2.242,1,0),$AM71) -> 0.9 | AQ71: =+IF($AM71>0,FIXED(Fuelbeds_english!AQ71*2.242,1,0),$AM71) -> 0.9 | AR71: 195176 | AS71: Quercus geminata | AT71: 100 | AU71: -1 | AV71: =+IF(AU71>0,FIXED(Fuelbeds_english!AV71*2.54,1,0),AU71) -> -1 | AW71: -1 | AX71: -1 | AY71: =+IF(AX71>0,FIXED(Fuelbeds_english!AY71*2.54,1,0),AX71) -> -1 | AZ71: 1 | BA71: 59 | BB71: =+IF(BA71>0,FIXED(Fuelbeds_english!BB71*2.54,1,0),BA71) -> 2.7 | BC71: -1 | BD71: -1 | BE71: -1 | BF71: -1 | BG71: 100 | BH71: -1 | BI71: -1 | BJ71: 1 | BK71: 56.48534 | BL71: =+IF(BK71>0,FIXED(Fuelbeds_english!BL71*2.54,1,0),BK71) -> 1.9 | BM71: 3 | BN71: 56.48534 | BO71: =+IF(BN71>0,FIXED(Fuelbeds_english!BO71*2.54,1,0),BN71) -> 1.9
A72: 71 | B72: 2040c | C72: 932040 | D72: 2 - Trop/Sub Dry Broadleaf Forest | E72: 40 - Broadleaf evergreen or semidec. trees | F72: 77.6 | G72: 77.6 | H72: =+IF(F72>0,INT(Fuelbeds_english!H72*2.471),F72) -> 169 | I72: =+IF(F72>0,INT(Fuelbeds_english!I72*0.3048),F72) -> 25 | J72: =+IF(F72>0,INT(Fuelbeds_english!J72*0.3048),F72) -> 16 | K72: =+IF(F72>0,INT(Fuelbeds_english!K72*2.54),F72) -> 39 | L72: 195176 | M72: Quercus geminata | N72: 100 | O72: 48.753927 | P72: =+IF(O72>0,INT(Fuelbeds_english!P72*2.471),O72) -> 501 | Q72: =+IF(O72>0,INT(Fuelbeds_english!Q72*0.3048),O72) -> 12 | R72: =+IF(O72>0,INT(Fuelbeds_english!R72*0.3048),O72) -> 4 | S72: =+IF(O72>0,INT(Fuelbeds_english!S72*2.54),O72) -> 17 | T72: 195176 | U72: Quercus geminata | V72: 100 | W72: -1 | X72: -1 | Y72: 0.783 | Z72: =+IF(Y72>0,FIXED(Fuelbeds_english!Z72*0.3048,1,0),Y72) -> 0.1 | AA72: 85 | AB72: 19092 | AC72: Ficus aurea | AD72: 100 | AE72: 25 | AF72: =+IF(AE72>0,FIXED(Fuelbeds_english!AF72*0.3048,1,0),AE72) -> 0.2 | AG72: 70 | AH72: =+IF(AE72>0,FIXED(Fuelbeds_english!AH72*2.242,1,0),AE72) -> 0.5 | AI72: 40450 | AJ72: Andropogon spp. | AK72: 100 | AL72: 24 | AM72: =+IF(AL72>0,FIXED(Fuelbeds_english!AM72*2.54,1,0),AL72) -> 2.3 | AN72: =+IF($AM72>0,FIXED(Fuelbeds_english!AN72*2.242,1,0),$AM72) -> 0.4 | AO72: =+IF($AM72>0,FIXED(Fuelbeds_english!AO72*2.242,1,0),$AM72) -> 0.6 | AP72: =+IF($AM72>0,FIXED(Fuelbeds_english!AP72*2.242,1,0),$AM72) -> 1.2 | AQ72: =+IF($AM72>0,FIXED(Fuelbeds_english!AQ72*2.242,1,0),$AM72) -> 1.2 | AR72: 195176 | AS72: Quercus geminata | AT72: 100 | AU72: -1 | AV72: =+IF(AU72>0,FIXED(Fuelbeds_english!AV72*2.54,1,0),AU72) -> -1 | AW72: -1 | AX72: -1 | AY72: =+IF(AX72>0,FIXED(Fuelbeds_english!AY72*2.54,1,0),AX72) -> -1 | AZ72: 1 | BA72: 81 | BB72: =+IF(BA72>0,FIXED(Fuelbeds_english!BB72*2.54,1,0),BA72) -> 2.7 | BC72: -1 | BD72: -1 | BE72: -1 | BF72: -1 | BG72: 100 | BH72: -1 | BI72: -1 | BJ72: 1 | BK72: 78.412565 | BL72: =+IF(BK72>0,FIXED(Fuelbeds_english!BL72*2.54,1,0),BK72) -> 1.9 | BM72: 3 | BN72: 78.412565 | BO72: =+IF(BN72>0,FIXED(Fuelbeds_english!BO72*2.54,1,0),BN72) -> 1.9
A73: 72 | B73: 2061a | C73: 912061 | D73: 2 - Trop/Sub Dry Broadleaf Forest | E73: 61 - Broadleaf deciduous trees | F73: 19.4 | G73: 19.4 | H73: =+IF(F73>0,INT(Fuelbeds_english!H73*2.471),F73) -> 32 | I73: =+IF(F73>0,INT(Fuelbeds_english!I73*0.3048),F73) -> 14 | J73: =+IF(F73>0,INT(Fuelbeds_english!J73*0.3048),F73) -> 10 | K73: =+IF(F73>0,INT(Fuelbeds_english!K73*2.54),F73) -> 23 | L73: 28766 | M73: Bursera simaruba | N73: 100 | O73: 11.64 | P73: =+IF(O73>0,INT(Fuelbeds_english!P73*2.471),O73) -> 64 | Q73: =+IF(O73>0,INT(Fuelbeds_english!Q73*0.3048),O73) -> 8 | R73: =+IF(O73>0,INT(Fuelbeds_english!R73*0.3048),O73) -> 4 | S73: =+IF(O73>0,INT(Fuelbeds_english!S73*2.54),O73) -> 12 | T73: 28766 | U73: Bursera simaruba | V73: 100 | W73: 1 | X73: 3 | Y73: 49.5 | Z73: =+IF(Y73>0,FIXED(Fuelbeds_english!Z73*0.3048,1,0),Y73) -> 2.1 | AA73: 85 | AB73: 28862 | AC73: Zanthoxylum fagara | AD73: 100 | AE73: 16 | AF73: =+IF(AE73>0,FIXED(Fuelbeds_english!AF73*0.3048,1,0),AE73) -> 0.3 | AG73: 85 | AH73: =+IF(AE73>0,FIXED(Fuelbeds_english!AH73*2.242,1,0),AE73) -> 0.2 | AI73: 40450 | AJ73: Andropogon spp. | AK73: 100 | AL73: 4.9885714 | AM73: =+IF(AL73>0,FIXED(Fuelbeds_english!AM73*2.54,1,0),AL73) -> 1.9 | AN73: =+IF($AM73>0,FIXED(Fuelbeds_english!AN73*2.242,1,0),$AM73) -> 0.1 | AO73: =+IF($AM73>0,FIXED(Fuelbeds_english!AO73*2.242,1,0),$AM73) -> 0.2 | AP73: =+IF($AM73>0,FIXED(Fuelbeds_english!AP73*2.242,1,0),$AM73) -> 0.5 | AQ73: =+IF($AM73>0,FIXED(Fuelbeds_english!AQ73*2.242,1,0),$AM73) -> 0.7 | AR73: 28766 | AS73: Bursera simaruba | AT73: 100 | AU73: -1 | AV73: =+IF(AU73>0,FIXED(Fuelbeds_english!AV73*2.54,1,0),AU73) -> -1 | AW73: -1 | AX73: -1 | AY73: =+IF(AX73>0,FIXED(Fuelbeds_english!AY73*2.54,1,0),AX73) -> -1 | AZ73: 1 | BA73: 19.4 | BB73: =+IF(BA73>0,FIXED(Fuelbeds_english!BB73*2.54,1,0),BA73) -> 2.5 | BC73: -1 | BD73: -1 | BE73: -1 | BF73: 100 | BG73: -1 | BH73: -1 | BI73: -1 | BJ73: 1 | BK73: 17.737143 | BL73: =+IF(BK73>0,FIXED(Fuelbeds_english!BL73*2.54,1,0),BK73) -> 3.2 | BM73: 3 | BN73: 17.737143 | BO73: =+IF(BN73>0,FIXED(Fuelbeds_english!BO73*2.54,1,0),BN73) -> 3.2
A74: 73 | B74: 2061b | C74: 922061 | D74: 2 - Trop/Sub Dry Broadleaf Forest | E74: 61 - Broadleaf deciduous trees | F74: 55.5 | G74: 55.5 | H74: =+IF(F74>0,INT(Fuelbeds_english!H74*2.471),F74) -> 94 | I74: =+IF(F74>0,INT(Fuelbeds_english!I74*0.3048),F74) -> 15 | J74: =+IF(F74>0,INT(Fuelbeds_english!J74*0.3048),F74) -> 11 | K74: =+IF(F74>0,INT(Fuelbeds_english!K74*2.54),F74) -> 24 | L74: 28766 | M74: Bursera simaruba | N74: 100 | O74: 33.3 | P74: =+IF(O74>0,INT(Fuelbeds_english!P74*2.471),O74) -> 184 | Q74: =+IF(O74>0,INT(Fuelbeds_english!Q74*0.3048),O74) -> 9 | R74: =+IF(O74>0,INT(Fuelbeds_english!R74*0.3048),O74) -> 4 | S74: =+IF(O74>0,INT(Fuelbeds_english!S74*2.54),O74) -> 13 | T74: 28766 | U74: Bursera simaruba | V74: 100 | W74: 1 | X74: 3 | Y74: 33.375 | Z74: =+IF(Y74>0,FIXED(Fuelbeds_english!Z74*0.3048,1,0),Y74) -> 2.1 | AA74: 85 | AB74: 28862 | AC74: Zanthoxylum fagara | AD74: 100 | AE74: 11 | AF74: =+IF(AE74>0,FIXED(Fuelbeds_english!AF74*0.3048,1,0),AE74) -> 0.3 | AG74: 85 | AH74: =+IF(AE74>0,FIXED(Fuelbeds_english!AH74*2.242,1,0),AE74) -> 0.1 | AI74: 40450 | AJ74: Andropogon spp. | AK74: 100 | AL74: 14.271429 | AM74: =+IF(AL74>0,FIXED(Fuelbeds_english!AM74*2.54,1,0),AL74) -> 1.9 | AN74: =+IF($AM74>0,FIXED(Fuelbeds_english!AN74*2.242,1,0),$AM74) -> 0.4 | AO74: =+IF($AM74>0,FIXED(Fuelbeds_english!AO74*2.242,1,0),$AM74) -> 0.5 | AP74: =+IF($AM74>0,FIXED(Fuelbeds_english!AP74*2.242,1,0),$AM74) -> 1.4 | AQ74: =+IF($AM74>0,FIXED(Fuelbeds_english!AQ74*2.242,1,0),$AM74) -> 2.1 | AR74: 28766 | AS74: Bursera simaruba | AT74: 100 | AU74: -1 | AV74: =+IF(AU74>0,FIXED(Fuelbeds_english!AV74*2.54,1,0),AU74) -> -1 | AW74: -1 | AX74: -1 | AY74: =+IF(AX74>0,FIXED(Fuelbeds_english!AY74*2.54,1,0),AX74) -> -1 | AZ74: 1 | BA74: 55.5 | BB74: =+IF(BA74>0,FIXED(Fuelbeds_english!BB74*2.54,1,0),BA74) -> 2.5 | BC74: -1 | BD74: -1 | BE74: -1 | BF74: 100 | BG74: -1 | BH74: -1 | BI74: -1 | BJ74: 1 | BK74: 50.742857 | BL74: =+IF(BK74>0,FIXED(Fuelbeds_english!BL74*2.54,1,0),BK74) -> 3.2 | BM74: 3 | BN74: 50.742857 | BO74: =+IF(BN74>0,FIXED(Fuelbeds_english!BO74*2.54,1,0),BN74) -> 3.2
A75: 74 | B75: 2091 | C75: 2091 | D75: 2 - Trop/Sub Dry Broadleaf Forest | E75: 91 - Needleleaf evergreen trees | F75: 24.5 | G75: 15.45045 | H75: =+IF(F75>0,INT(Fuelbeds_english!H75*2.471),F75) -> 54 | I75: =+IF(F75>0,INT(Fuelbeds_english!I75*0.3048),F75) -> 22 | J75: =+IF(F75>0,INT(Fuelbeds_english!J75*0.3048),F75) -> 16 | K75: =+IF(F75>0,INT(Fuelbeds_english!K75*2.54),F75) -> 34 | L75: 18035 | M75: Pinus spp. | N75: 100 | O75: 24.5 | P75: =+IF(O75>0,INT(Fuelbeds_english!P75*2.471),O75) -> 111 | Q75: =+IF(O75>0,INT(Fuelbeds_english!Q75*0.3048),O75) -> 14 | R75: =+IF(O75>0,INT(Fuelbeds_english!R75*0.3048),O75) -> 7 | S75: =+IF(O75>0,INT(Fuelbeds_english!S75*2.54),O75) -> 17 | T75: 18035 | U75: Pinus spp. | V75: 100 | W75: -1 | X75: -1 | Y75: 7.8 | Z75: =+IF(Y75>0,FIXED(Fuelbeds_english!Z75*0.3048,1,0),Y75) -> 0.8 | AA75: 85 | AB75: 18148 | AC75: Persea spp. | AD75: 100 | AE75: 11 | AF75: =+IF(AE75>0,FIXED(Fuelbeds_english!AF75*0.3048,1,0),AE75) -> 0.3 | AG75: 70 | AH75: =+IF(AE75>0,FIXED(Fuelbeds_english!AH75*2.242,1,0),AE75) -> 1.3 | AI75: 40792 | AJ75: Festuca spp. | AK75: 100 | AL75: 17 | AM75: =+IF(AL75>0,FIXED(Fuelbeds_english!AM75*2.54,1,0),AL75) -> 7.4 | AN75: =+IF($AM75>0,FIXED(Fuelbeds_english!AN75*2.242,1,0),$AM75) -> 0.1 | AO75: =+IF($AM75>0,FIXED(Fuelbeds_english!AO75*2.242,1,0),$AM75) -> 0.8 | AP75: =+IF($AM75>0,FIXED(Fuelbeds_english!AP75*2.242,1,0),$AM75) -> 1.2 | AQ75: =+IF($AM75>0,FIXED(Fuelbeds_english!AQ75*2.242,1,0),$AM75) -> 2.7 | AR75: 18035 | AS75: Pinus spp. | AT75: 100 | AU75: -1 | AV75: =+IF(AU75>0,FIXED(Fuelbeds_english!AV75*2.54,1,0),AU75) -> -1 | AW75: -1 | AX75: -1 | AY75: =+IF(AX75>0,FIXED(Fuelbeds_english!AY75*2.54,1,0),AX75) -> -1 | AZ75: 1 | BA75: 30.2 | BB75: =+IF(BA75>0,FIXED(Fuelbeds_english!BB75*2.54,1,0),BA75) -> 5.6 | BC75: 100 | BD75: -1 | BE75: -1 | BF75: -1 | BG75: -1 | BH75: -1 | BI75: -1 | BJ75: 1 | BK75: 30.1 | BL75: =+IF(BK75>0,FIXED(Fuelbeds_english!BL75*2.54,1,0),BK75) -> 2.5 | BM75: 3 | BN75: 30.1 | BO75: =+IF(BN75>0,FIXED(Fuelbeds_english!BO75*2.54,1,0),BN75) -> 2.5
A76: 75 | B76: 2110 | C76: 2110 | D76: 2 - Trop/Sub Dry Broadleaf Forest | E76: 110 - Mosaic trees-shrubs/grasses | F76: 18.31 | G76: 18.31 | H76: =+IF(F76>0,INT(Fuelbeds_english!H76*2.471),F76) -> 31 | I76: =+IF(F76>0,INT(Fuelbeds_english!I76*0.3048),F76) -> 12 | J76: =+IF(F76>0,INT(Fuelbeds_english!J76*0.3048),F76) -> 8 | K76: =+IF(F76>0,INT(Fuelbeds_english!K76*2.54),F76) -> 19 | L76: 28766 | M76: Bursera simaruba | N76: 100 | O76: 10.986 | P76: =+IF(O76>0,INT(Fuelbeds_english!P76*2.471),O76) -> 60 | Q76: =+IF(O76>0,INT(Fuelbeds_english!Q76*0.3048),O76) -> 7 | R76: =+IF(O76>0,INT(Fuelbeds_english!R76*0.3048),O76) -> 3 | S76: =+IF(O76>0,INT(Fuelbeds_english!S76*2.54),O76) -> 11 | T76: 28766 | U76: Bursera simaruba | V76: 100 | W76: 1 | X76: 3 | Y76: 40.6477 | Z76: =+IF(Y76>0,FIXED(Fuelbeds_english!Z76*0.3048,1,0),Y76) -> 2.1 | AA76: 85 | AB76: 28862 | AC76: Zanthoxylum fagara | AD76: 100 | AE76: 30 | AF76: =+IF(AE76>0,FIXED(Fuelbeds_english!AF76*0.3048,1,0),AE76) -> 0.3 | AG76: 85 | AH76: =+IF(AE76>0,FIXED(Fuelbeds_english!AH76*2.242,1,0),AE76) -> 0.3 | AI76: 40450 | AJ76: Andropogon spp. | AK76: 100 | AL76: 15.160551 | AM76: =+IF(AL76>0,FIXED(Fuelbeds_english!AM76*2.54,1,0),AL76) -> 1.9 | AN76: =+IF($AM76>0,FIXED(Fuelbeds_english!AN76*2.242,1,0),$AM76) -> 0.5 | AO76: =+IF($AM76>0,FIXED(Fuelbeds_english!AO76*2.242,1,0),$AM76) -> 0.5 | AP76: =+IF($AM76>0,FIXED(Fuelbeds_english!AP76*2.242,1,0),$AM76) -> 1.5 | AQ76: =+IF($AM76>0,FIXED(Fuelbeds_english!AQ76*2.242,1,0),$AM76) -> 2.3 | AR76: 28766 | AS76: Bursera simaruba | AT76: 100 | AU76: -1 | AV76: =+IF(AU76>0,FIXED(Fuelbeds_english!AV76*2.54,1,0),AU76) -> -1 | AW76: -1 | AX76: -1 | AY76: =+IF(AX76>0,FIXED(Fuelbeds_english!AY76*2.54,1,0),AX76) -> -1 | AZ76: 1 | BA76: 88.9577 | BB76: =+IF(BA76>0,FIXED(Fuelbeds_english!BB76*2.54,1,0),BA76) -> 2.5 | BC76: -1 | BD76: -1 | BE76: -1 | BF76: 70 | BG76: -1 | BH76: -1 | BI76: 30 | BJ76: 1 | BK76: 53.904183 | BL76: =+IF(BK76>0,FIXED(Fuelbeds_english!BL76*2.54,1,0),BK76) -> 3.2 | BM76: 3 | BN76: 53.904183 | BO76: =+IF(BN76>0,FIXED(Fuelbeds_english!BO76*2.54,1,0),BN76) -> 3.2
A77: 76 | B77: 2120 | C77: 2120 | D77: 2 - Trop/Sub Dry Broadleaf Forest | E77: 120 - Mosaic grasses/trees-shrubs | F77: 6.97 | G77: 6.97 | H77: =+IF(F77>0,INT(Fuelbeds_english!H77*2.471),F77) -> 11 | I77: =+IF(F77>0,INT(Fuelbeds_english!I77*0.3048),F77) -> 11 | J77: =+IF(F77>0,INT(Fuelbeds_english!J77*0.3048),F77) -> 7 | K77: =+IF(F77>0,INT(Fuelbeds_english!K77*2.54),F77) -> 17 | L77: 28766 | M77: Bursera simaruba | N77: 100 | O77: 4.182 | P77: =+IF(O77>0,INT(Fuelbeds_english!P77*2.471),O77) -> 23 | Q77: =+IF(O77>0,INT(Fuelbeds_english!Q77*0.3048),O77) -> 6 | R77: =+IF(O77>0,INT(Fuelbeds_english!R77*0.3048),O77) -> 3 | S77: =+IF(O77>0,INT(Fuelbeds_english!S77*2.54),O77) -> 9 | T77: 28766 | U77: Bursera simaruba | V77: 100 | W77: 1 | X77: 3 | Y77: 14.5172 | Z77: =+IF(Y77>0,FIXED(Fuelbeds_english!Z77*0.3048,1,0),Y77) -> 2.1 | AA77: 85 | AB77: 28862 | AC77: Zanthoxylum fagara | AD77: 100 | AE77: 60 | AF77: =+IF(AE77>0,FIXED(Fuelbeds_english!AF77*0.3048,1,0),AE77) -> 0.3 | AG77: 85 | AH77: =+IF(AE77>0,FIXED(Fuelbeds_english!AH77*2.242,1,0),AE77) -> 0.7 | AI77: 40450 | AJ77: Andropogon spp. | AK77: 100 | AL77: 5.52528 | AM77: =+IF(AL77>0,FIXED(Fuelbeds_english!AM77*2.54,1,0),AL77) -> 1.9 | AN77: =+IF($AM77>0,FIXED(Fuelbeds_english!AN77*2.242,1,0),$AM77) -> 0.2 | AO77: =+IF($AM77>0,FIXED(Fuelbeds_english!AO77*2.242,1,0),$AM77) -> 0.2 | AP77: =+IF($AM77>0,FIXED(Fuelbeds_english!AP77*2.242,1,0),$AM77) -> 0.6 | AQ77: =+IF($AM77>0,FIXED(Fuelbeds_english!AQ77*2.242,1,0),$AM77) -> 0.8 | AR77: 28766 | AS77: Bursera simaruba | AT77: 100 | AU77: -1 | AV77: =+IF(AU77>0,FIXED(Fuelbeds_english!AV77*2.54,1,0),AU77) -> -1 | AW77: -1 | AX77: -1 | AY77: =+IF(AX77>0,FIXED(Fuelbeds_english!AY77*2.54,1,0),AX77) -> -1 | AZ77: 1 | BA77: 81.4872 | BB77: =+IF(BA77>0,FIXED(Fuelbeds_english!BB77*2.54,1,0),BA77) -> 2.5 | BC77: -1 | BD77: -1 | BE77: -1 | BF77: 40 | BG77: -1 | BH77: -1 | BI77: 60 | BJ77: 1 | BK77: 19.64544 | BL77: =+IF(BK77>0,FIXED(Fuelbeds_english!BL77*2.54,1,0),BK77) -> 3.2 | BM77: 3 | BN77: 19.64544 | BO77: =+IF(BN77>0,FIXED(Fuelbeds_english!BO77*2.54,1,0),BN77) -> 3.2
A78: 77 | B78: 2130 | C78: 2130 | D78: 2 - Trop/Sub Dry Broadleaf Forest | E78: 130 - Shrubs | F78: -3 | G78: -3 | H78: =+IF(F78>0,INT(Fuelbeds_english!H78*2.471),F78) -> -3 | I78: =+IF(F78>0,INT(Fuelbeds_english!I78*0.3048),F78) -> -3 | J78: =+IF(F78>0,INT(Fuelbeds_english!J78*0.3048),F78) -> -3 | K78: =+IF(F78>0,INT(Fuelbeds_english!K78*2.54),F78) -> -3 | L78: -3 | M78: -3 | N78: -3 | O78: -3 | P78: =+IF(O78>0,INT(Fuelbeds_english!P78*2.471),O78) -> -3 | Q78: =+IF(O78>0,INT(Fuelbeds_english!Q78*0.3048),O78) -> -3 | R78: =+IF(O78>0,INT(Fuelbeds_english!R78*0.3048),O78) -> -3 | S78: =+IF(O78>0,INT(Fuelbeds_english!S78*2.54),O78) -> -3 | T78: -3 | U78: -3 | V78: -3 | W78: -3 | X78: -3 | Y78: 52 | Z78: =+IF(Y78>0,FIXED(Fuelbeds_english!Z78*0.3048,1,0),Y78) -> 1.5 | AA78: 85 | AB78: 28675 | AC78: Dodonaea viscosa | AD78: 100 | AE78: 36 | AF78: =+IF(AE78>0,FIXED(Fuelbeds_english!AF78*0.3048,1,0),AE78) -> 0.4 | AG78: 85 | AH78: =+IF(AE78>0,FIXED(Fuelbeds_english!AH78*2.242,1,0),AE78) -> 7.4 | AI78: 40450 | AJ78: Andropogon spp. | AK78: 100 | AL78: 29.856459 | AM78: =+IF(AL78>0,FIXED(Fuelbeds_english!AM78*2.54,1,0),AL78) -> 1.6 | AN78: =+IF($AM78>0,FIXED(Fuelbeds_english!AN78*2.242,1,0),$AM78) -> 1.5 | AO78: =+IF($AM78>0,FIXED(Fuelbeds_english!AO78*2.242,1,0),$AM78) -> 3.1 | AP78: =+IF($AM78>0,FIXED(Fuelbeds_english!AP78*2.242,1,0),$AM78) -> 0.8 | AQ78: =+IF($AM78>0,FIXED(Fuelbeds_english!AQ78*2.242,1,0),$AM78) -> 0.0 | AR78: 28675 | AS78: Dodonaea viscosa | AT78: 100 | AU78: -1 | AV78: =+IF(AU78>0,FIXED(Fuelbeds_english!AV78*2.54,1,0),AU78) -> -1 | AW78: -1 | AX78: -1 | AY78: =+IF(AX78>0,FIXED(Fuelbeds_english!AY78*2.54,1,0),AX78) -> -1 | AZ78: 1 | BA78: 70 | BB78: =+IF(BA78>0,FIXED(Fuelbeds_english!BB78*2.54,1,0),BA78) -> 3.3 | BC78: -1 | BD78: -1 | BE78: -1 | BF78: -1 | BG78: 70 | BH78: -1 | BI78: 30 | BJ78: -1 | BK78: -1 | BL78: =+IF(BK78>0,FIXED(Fuelbeds_english!BL78*2.54,1,0),BK78) -> -1 | BM78: -1 | BN78: -1 | BO78: =+IF(BN78>0,FIXED(Fuelbeds_english!BO78*2.54,1,0),BN78) -> -1
A79: 78 | B79: 2140 | C79: 2140 | D79: 2 - Trop/Sub Dry Broadleaf Forest | E79: 140 - Grasses | F79: -3 | G79: -3 | H79: =+IF(F79>0,INT(Fuelbeds_english!H79*2.471),F79) -> -3 | I79: =+IF(F79>0,INT(Fuelbeds_english!I79*0.3048),F79) -> -3 | J79: =+IF(F79>0,INT(Fuelbeds_english!J79*0.3048),F79) -> -3 | K79: =+IF(F79>0,INT(Fuelbeds_english!K79*2.54),F79) -> -3 | L79: -3 | M79: -3 | N79: -3 | O79: -3 | P79: =+IF(O79>0,INT(Fuelbeds_english!P79*2.471),O79) -> -3 | Q79: =+IF(O79>0,INT(Fuelbeds_english!Q79*0.3048),O79) -> -3 | R79: =+IF(O79>0,INT(Fuelbeds_english!R79*0.3048),O79) -> -3 | S79: =+IF(O79>0,INT(Fuelbeds_english!S79*2.54),O79) -> -3 | T79: -3 | U79: -3 | V79: -3 | W79: -3 | X79: -3 | Y79: -3 | Z79: =+IF(Y79>0,FIXED(Fuelbeds_english!Z79*0.3048,1,0),Y79) -> -3 | AA79: -3 | AB79: -3 | AC79: -3 | AD79: -3 | AE79: 75 | AF79: =+IF(AE79>0,FIXED(Fuelbeds_english!AF79*0.3048,1,0),AE79) -> 0.5 | AG79: 80 | AH79: =+IF(AE79>0,FIXED(Fuelbeds_english!AH79*2.242,1,0),AE79) -> 10.0 | AI79: 40450 | AJ79: Andropogon spp. | AK79: 100 | AL79: -3 | AM79: =+IF(AL79>0,FIXED(Fuelbeds_english!AM79*2.54,1,0),AL79) -> -3 | AN79: =+IF(AM79>0,FIXED(Fuelbeds_english!AN79*0.3048,1,0),AM79) -> -3 | AO79: =+IF(AN79>0,FIXED(Fuelbeds_english!AO79*0.3048,1,0),AN79) -> -3 | AP79: =+IF(AO79>0,FIXED(Fuelbeds_english!AP79*0.3048,1,0),AO79) -> -3 | AQ79: =+IF(AP79>0,FIXED(Fuelbeds_english!AQ79*0.3048,1,0),AP79) -> -3 | AR79: -3 | AS79: -3 | AT79: -3 | AU79: -1 | AV79: =+IF(AU79>0,FIXED(Fuelbeds_english!AV79*2.54,1,0),AU79) -> -1 | AW79: -1 | AX79: -1 | AY79: =+IF(AX79>0,FIXED(Fuelbeds_english!AY79*2.54,1,0),AX79) -> -1 | AZ79: 1 | BA79: 54.918233 | BB79: =+IF(BA79>0,FIXED(Fuelbeds_english!BB79*2.54,1,0),BA79) -> 3.0 | BC79: -1 | BD79: -1 | BE79: -1 | BF79: -1 | BG79: -1 | BH79: -1 | BI79: 100 | BJ79: -1 | BK79: -1 | BL79: =+IF(BK79>0,FIXED(Fuelbeds_english!BL79*2.54,1,0),BK79) -> -1 | BM79: -1 | BN79: -1 | BO79: =+IF(BN79>0,FIXED(Fuelbeds_english!BO79*2.54,1,0),BN79) -> -1
A80: 79 | B80: 3022 | C80: 3022 | D80: 3 - Trop/Sub. Coniferous Forest | E80: 22 - Mosaic Crops/Vegetation: maize | F80: 26.5722 | G80: 26.5722 | H80: =+IF(F80>0,INT(Fuelbeds_english!H80*2.471),F80) -> 129 | I80: =+IF(F80>0,INT(Fuelbeds_english!I80*0.3048),F80) -> 16 | J80: =+IF(F80>0,INT(Fuelbeds_english!J80*0.3048),F80) -> 9 | K80: =+IF(F80>0,INT(Fuelbeds_english!K80*2.54),F80) -> 31 | L80: 28766 | M80: Bursera simaruba | N80: 100 | O80: 14.553073 | P80: =+IF(O80>0,INT(Fuelbeds_english!P80*2.471),O80) -> 88 | Q80: =+IF(O80>0,INT(Fuelbeds_english!Q80*0.3048),O80) -> 9 | R80: =+IF(O80>0,INT(Fuelbeds_english!R80*0.3048),O80) -> 3 | S80: =+IF(O80>0,INT(Fuelbeds_english!S80*2.54),O80) -> 19 | T80: 28766 | U80: Bursera simaruba | V80: 100 | W80: 1 | X80: 3 | Y80: 13 | Z80: =+IF(Y80>0,FIXED(Fuelbeds_english!Z80*0.3048,1,0),Y80) -> 1.2 | AA80: 85 | AB80: 28862 | AC80: Zanthoxylum fagara | AD80: 100 | AE80: 60 | AF80: =+IF(AE80>0,FIXED(Fuelbeds_english!AF80*0.3048,1,0),AE80) -> 0.2 | AG80: 0 | AH80: =+IF(AE80>0,FIXED(Fuelbeds_english!AH80*2.242,1,0),AE80) -> 0.6 | AI80: 42269 | AJ80: Zea mays | AK80: 100 | AL80: 11.218923 | AM80: =+IF(AL80>0,FIXED(Fuelbeds_english!AM80*2.54,1,0),AL80) -> 1.5 | AN80: =+IF($AM80>0,FIXED(Fuelbeds_english!AN80*2.242,1,0),$AM80) -> 1.3 | AO80: =+IF($AM80>0,FIXED(Fuelbeds_english!AO80*2.242,1,0),$AM80) -> 1.0 | AP80: =+IF($AM80>0,FIXED(Fuelbeds_english!AP80*2.242,1,0),$AM80) -> 1.5 | AQ80: =+IF($AM80>0,FIXED(Fuelbeds_english!AQ80*2.242,1,0),$AM80) -> 1.2 | AR80: 28766 | AS80: Bursera simaruba | AT80: 100 | AU80: -1 | AV80: =+IF(AU80>0,FIXED(Fuelbeds_english!AV80*2.54,1,0),AU80) -> -1 | AW80: -1 | AX80: -1 | AY80: =+IF(AX80>0,FIXED(Fuelbeds_english!AY80*2.54,1,0),AX80) -> -1 | AZ80: 2 | BA80: 90 | BB80: =+IF(BA80>0,FIXED(Fuelbeds_english!BB80*2.54,1,0),BA80) -> 2.5 | BC80: -1 | BD80: -1 | BE80: -1 | BF80: 27 | BG80: 13 | BH80: -1 | BI80: 60 | BJ80: 1 | BK80: 32.65033 | BL80: =+IF(BK80>0,FIXED(Fuelbeds_english!BL80*2.54,1,0),BK80) -> 0.5 | BM80: 3 | BN80: 29.385297 | BO80: =+IF(BN80>0,FIXED(Fuelbeds_english!BO80*2.54,1,0),BN80) -> 0.4
A81: 80 | B81: 3032 | C81: 3032 | D81: 3 - Trop/Sub. Coniferous Forest | E81: 32 - Mosaic Vegetation/Crops: maize | F81: 20.5233 | G81: 20.5233 | H81: =+IF(F81>0,INT(Fuelbeds_english!H81*2.471),F81) -> 99 | I81: =+IF(F81>0,INT(Fuelbeds_english!I81*0.3048),F81) -> 15 | J81: =+IF(F81>0,INT(Fuelbeds_english!J81*0.3048),F81) -> 9 | K81: =+IF(F81>0,INT(Fuelbeds_english!K81*2.54),F81) -> 30 | L81: 28766 | M81: Bursera simaruba | N81: 100 | O81: 11.240209 | P81: =+IF(O81>0,INT(Fuelbeds_english!P81*2.471),O81) -> 68 | Q81: =+IF(O81>0,INT(Fuelbeds_english!Q81*0.3048),O81) -> 9 | R81: =+IF(O81>0,INT(Fuelbeds_english!R81*0.3048),O81) -> 3 | S81: =+IF(O81>0,INT(Fuelbeds_english!S81*2.54),O81) -> 18 | T81: 28766 | U81: Bursera simaruba | V81: 100 | W81: 1 | X81: 3 | Y81: 39 | Z81: =+IF(Y81>0,FIXED(Fuelbeds_english!Z81*0.3048,1,0),Y81) -> 1.2 | AA81: 85 | AB81: 28862 | AC81: Zanthoxylum fagara | AD81: 100 | AE81: 40 | AF81: =+IF(AE81>0,FIXED(Fuelbeds_english!AF81*0.3048,1,0),AE81) -> 0.2 | AG81: 0 | AH81: =+IF(AE81>0,FIXED(Fuelbeds_english!AH81*2.242,1,0),AE81) -> 0.4 | AI81: 42269 | AJ81: Zea mays | AK81: 100 | AL81: 16.875162 | AM81: =+IF(AL81>0,FIXED(Fuelbeds_english!AM81*2.54,1,0),AL81) -> 2.3 | AN81: =+IF($AM81>0,FIXED(Fuelbeds_english!AN81*2.242,1,0),$AM81) -> 2.0 | AO81: =+IF($AM81>0,FIXED(Fuelbeds_english!AO81*2.242,1,0),$AM81) -> 1.5 | AP81: =+IF($AM81>0,FIXED(Fuelbeds_english!AP81*2.242,1,0),$AM81) -> 2.3 | AQ81: =+IF($AM81>0,FIXED(Fuelbeds_english!AQ81*2.242,1,0),$AM81) -> 1.8 | AR81: 28766 | AS81: Bursera simaruba | AT81: 100 | AU81: -1 | AV81: =+IF(AU81>0,FIXED(Fuelbeds_english!AV81*2.54,1,0),AU81) -> -1 | AW81: -1 | AX81: -1 | AY81: =+IF(AX81>0,FIXED(Fuelbeds_english!AY81*2.54,1,0),AX81) -> -1 | AZ81: 1 | BA81: 90 | BB81: =+IF(BA81>0,FIXED(Fuelbeds_english!BB81*2.54,1,0),BA81) -> 2.5 | BC81: -1 | BD81: -1 | BE81: -1 | BF81: 21 | BG81: 39 | BH81: -1 | BI81: 40 | BJ81: 1 | BK81: 49.111634 | BL81: =+IF(BK81>0,FIXED(Fuelbeds_english!BL81*2.54,1,0),BK81) -> 0.5 | BM81: 3 | BN81: 44.20047 | BO81: =+IF(BN81>0,FIXED(Fuelbeds_english!BO81*2.54,1,0),BN81) -> 0.4
A82: 81 | B82: 3040a | C82: 913040 | D82: 3 - Trop/Sub. Coniferous Forest | E82: 40 - Broadleaf evergreen or semidec. trees | F82: 25.4 | G82: 13.194805 | H82: =+IF(F82>0,INT(Fuelbeds_english!H82*2.471),F82) -> 15 | I82: =+IF(F82>0,INT(Fuelbeds_english!I82*0.3048),F82) -> 20 | J82: =+IF(F82>0,INT(Fuelbeds_english!J82*0.3048),F82) -> 11 | K82: =+IF(F82>0,INT(Fuelbeds_english!K82*2.54),F82) -> 54 | L82: 29027 | M82: Swietenia macrophylla | N82: 100 | O82: 25.4 | P82: =+IF(O82>0,INT(Fuelbeds_english!P82*2.471),O82) -> 98 | Q82: =+IF(O82>0,INT(Fuelbeds_english!Q82*0.3048),O82) -> 10 | R82: =+IF(O82>0,INT(Fuelbeds_english!R82*0.3048),O82) -> 3 | S82: =+IF(O82>0,INT(Fuelbeds_english!S82*2.54),O82) -> 12 | T82: 29027 | U82: Swietenia macrophylla | V82: 100 | W82: 1 | X82: 5 | Y82: 46.666667 | Z82: =+IF(Y82>0,FIXED(Fuelbeds_english!Z82*0.3048,1,0),Y82) -> 1.6 | AA82: 85 | AB82: 19092 | AC82: Ficus aurea | AD82: 100 | AE82: 50 | AF82: =+IF(AE82>0,FIXED(Fuelbeds_english!AF82*0.3048,1,0),AE82) -> 0.3 | AG82: 85 | AH82: =+IF(AE82>0,FIXED(Fuelbeds_english!AH82*2.242,1,0),AE82) -> 0.1 | AI82: 40450 | AJ82: Andropogon spp. | AK82: 100 | AL82: 17.191201 | AM82: =+IF(AL82>0,FIXED(Fuelbeds_english!AM82*2.54,1,0),AL82) -> 3.6 | AN82: =+IF($AM82>0,FIXED(Fuelbeds_english!AN82*2.242,1,0),$AM82) -> 0.2 | AO82: =+IF($AM82>0,FIXED(Fuelbeds_english!AO82*2.242,1,0),$AM82) -> 0.7 | AP82: =+IF($AM82>0,FIXED(Fuelbeds_english!AP82*2.242,1,0),$AM82) -> 0.9 | AQ82: =+IF($AM82>0,FIXED(Fuelbeds_english!AQ82*2.242,1,0),$AM82) -> 2.7 | AR82: 29027 | AS82: Swietenia macrophylla | AT82: 100 | AU82: -1 | AV82: =+IF(AU82>0,FIXED(Fuelbeds_english!AV82*2.54,1,0),AU82) -> -1 | AW82: -1 | AX82: -1 | AY82: =+IF(AX82>0,FIXED(Fuelbeds_english!AY82*2.54,1,0),AX82) -> -1 | AZ82: 1 | BA82: 32.987013 | BB82: =+IF(BA82>0,FIXED(Fuelbeds_english!BB82*2.54,1,0),BA82) -> 2.8 | BC82: -1 | BD82: -1 | BE82: -1 | BF82: -1 | BG82: 100 | BH82: -1 | BI82: -1 | BJ82: 1 | BK82: 32.987013 | BL82: =+IF(BK82>0,FIXED(Fuelbeds_english!BL82*2.54,1,0),BK82) -> 1.8 | BM82: 3 | BN82: 32.987013 | BO82: =+IF(BN82>0,FIXED(Fuelbeds_english!BO82*2.54,1,0),BN82) -> 1.8
A83: 82 | B83: 3040b | C83: 923040 | D83: 3 - Trop/Sub. Coniferous Forest | E83: 40 - Broadleaf evergreen or semidec. trees | F83: 54.9 | G83: 28.519481 | H83: =+IF(F83>0,INT(Fuelbeds_english!H83*2.471),F83) -> 33 | I83: =+IF(F83>0,INT(Fuelbeds_english!I83*0.3048),F83) -> 25 | J83: =+IF(F83>0,INT(Fuelbeds_english!J83*0.3048),F83) -> 13 | K83: =+IF(F83>0,INT(Fuelbeds_english!K83*2.54),F83) -> 67 | L83: 29027 | M83: Swietenia macrophylla | N83: 100 | O83: 54.9 | P83: =+IF(O83>0,INT(Fuelbeds_english!P83*2.471),O83) -> 213 | Q83: =+IF(O83>0,INT(Fuelbeds_english!Q83*0.3048),O83) -> 13 | R83: =+IF(O83>0,INT(Fuelbeds_english!R83*0.3048),O83) -> 4 | S83: =+IF(O83>0,INT(Fuelbeds_english!S83*2.54),O83) -> 15 | T83: 29027 | U83: Swietenia macrophylla | V83: 100 | W83: 1 | X83: 5 | Y83: 46.666667 | Z83: =+IF(Y83>0,FIXED(Fuelbeds_english!Z83*0.3048,1,0),Y83) -> 1.6 | AA83: 85 | AB83: 19092 | AC83: Ficus aurea | AD83: 100 | AE83: 50 | AF83: =+IF(AE83>0,FIXED(Fuelbeds_english!AF83*0.3048,1,0),AE83) -> 0.3 | AG83: 85 | AH83: =+IF(AE83>0,FIXED(Fuelbeds_english!AH83*2.242,1,0),AE83) -> 0.1 | AI83: 40450 | AJ83: Andropogon spp. | AK83: 100 | AL83: 37.15736 | AM83: =+IF(AL83>0,FIXED(Fuelbeds_english!AM83*2.54,1,0),AL83) -> 3.6 | AN83: =+IF($AM83>0,FIXED(Fuelbeds_english!AN83*2.242,1,0),$AM83) -> 0.4 | AO83: =+IF($AM83>0,FIXED(Fuelbeds_english!AO83*2.242,1,0),$AM83) -> 1.6 | AP83: =+IF($AM83>0,FIXED(Fuelbeds_english!AP83*2.242,1,0),$AM83) -> 2.0 | AQ83: =+IF($AM83>0,FIXED(Fuelbeds_english!AQ83*2.242,1,0),$AM83) -> 5.8 | AR83: 29027 | AS83: Swietenia macrophylla | AT83: 100 | AU83: -1 | AV83: =+IF(AU83>0,FIXED(Fuelbeds_english!AV83*2.54,1,0),AU83) -> -1 | AW83: -1 | AX83: -1 | AY83: =+IF(AX83>0,FIXED(Fuelbeds_english!AY83*2.54,1,0),AX83) -> -1 | AZ83: 1 | BA83: 71.298701 | BB83: =+IF(BA83>0,FIXED(Fuelbeds_english!BB83*2.54,1,0),BA83) -> 2.8 | BC83: -1 | BD83: -1 | BE83: -1 | BF83: -1 | BG83: 100 | BH83: -1 | BI83: -1 | BJ83: 1 | BK83: 71.298701 | BL83: =+IF(BK83>0,FIXED(Fuelbeds_english!BL83*2.54,1,0),BK83) -> 1.8 | BM83: 3 | BN83: 71.298701 | BO83: =+IF(BN83>0,FIXED(Fuelbeds_english!BO83*2.54,1,0),BN83) -> 1.8
A84: 83 | B84: 3040c | C84: 933040 | D84: 3 - Trop/Sub. Coniferous Forest | E84: 40 - Broadleaf evergreen or semidec. trees | F84: 77 | G84: 40 | H84: =+IF(F84>0,INT(Fuelbeds_english!H84*2.471),F84) -> 46 | I84: =+IF(F84>0,INT(Fuelbeds_english!I84*0.3048),F84) -> 30 | J84: =+IF(F84>0,INT(Fuelbeds_english!J84*0.3048),F84) -> 15 | K84: =+IF(F84>0,INT(Fuelbeds_english!K84*2.54),F84) -> 78 | L84: 29027 | M84: Swietenia macrophylla | N84: 100 | O84: 77 | P84: =+IF(O84>0,INT(Fuelbeds_english!P84*2.471),O84) -> 300 | Q84: =+IF(O84>0,INT(Fuelbeds_english!Q84*0.3048),O84) -> 15 | R84: =+IF(O84>0,INT(Fuelbeds_english!R84*0.3048),O84) -> 5 | S84: =+IF(O84>0,INT(Fuelbeds_english!S84*2.54),O84) -> 18 | T84: 29027 | U84: Swietenia macrophylla | V84: 100 | W84: 1 | X84: 5 | Y84: 46.666667 | Z84: =+IF(Y84>0,FIXED(Fuelbeds_english!Z84*0.3048,1,0),Y84) -> 1.6 | AA84: 85 | AB84: 19092 | AC84: Ficus aurea | AD84: 100 | AE84: 50 | AF84: =+IF(AE84>0,FIXED(Fuelbeds_english!AF84*0.3048,1,0),AE84) -> 0.3 | AG84: 85 | AH84: =+IF(AE84>0,FIXED(Fuelbeds_english!AH84*2.242,1,0),AE84) -> 0.1 | AI84: 40450 | AJ84: Andropogon spp. | AK84: 100 | AL84: 52.115059 | AM84: =+IF(AL84>0,FIXED(Fuelbeds_english!AM84*2.54,1,0),AL84) -> 3.6 | AN84: =+IF($AM84>0,FIXED(Fuelbeds_english!AN84*2.242,1,0),$AM84) -> 0.6 | AO84: =+IF($AM84>0,FIXED(Fuelbeds_english!AO84*2.242,1,0),$AM84) -> 2.3 | AP84: =+IF($AM84>0,FIXED(Fuelbeds_english!AP84*2.242,1,0),$AM84) -> 2.8 | AQ84: =+IF($AM84>0,FIXED(Fuelbeds_english!AQ84*2.242,1,0),$AM84) -> 8.2 | AR84: 29027 | AS84: Swietenia macrophylla | AT84: 100 | AU84: -1 | AV84: =+IF(AU84>0,FIXED(Fuelbeds_english!AV84*2.54,1,0),AU84) -> -1 | AW84: -1 | AX84: -1 | AY84: =+IF(AX84>0,FIXED(Fuelbeds_english!AY84*2.54,1,0),AX84) -> -1 | AZ84: 1 | BA84: 100 | BB84: =+IF(BA84>0,FIXED(Fuelbeds_english!BB84*2.54,1,0),BA84) -> 2.8 | BC84: -1 | BD84: -1 | BE84: -1 | BF84: -1 | BG84: 100 | BH84: -1 | BI84: -1 | BJ84: 1 | BK84: 100 | BL84: =+IF(BK84>0,FIXED(Fuelbeds_english!BL84*2.54,1,0),BK84) -> 1.8 | BM84: 3 | BN84: 100 | BO84: =+IF(BN84>0,FIXED(Fuelbeds_english!BO84*2.54,1,0),BN84) -> 1.8
A85: 84 | B85: 3061a | C85: 913061 | D85: 3 - Trop/Sub. Coniferous Forest | E85: 61 - Broadleaf deciduous trees | F85: 23.3 | G85: 23.3 | H85: =+IF(F85>0,INT(Fuelbeds_english!H85*2.471),F85) -> 39 | I85: =+IF(F85>0,INT(Fuelbeds_english!I85*0.3048),F85) -> 20 | J85: =+IF(F85>0,INT(Fuelbeds_english!J85*0.3048),F85) -> 14 | K85: =+IF(F85>0,INT(Fuelbeds_english!K85*2.54),F85) -> 31 | L85: 28766 | M85: Bursera simaruba | N85: 100 | O85: 13.98 | P85: =+IF(O85>0,INT(Fuelbeds_english!P85*2.471),O85) -> 77 | Q85: =+IF(O85>0,INT(Fuelbeds_english!Q85*0.3048),O85) -> 11 | R85: =+IF(O85>0,INT(Fuelbeds_english!R85*0.3048),O85) -> 5 | S85: =+IF(O85>0,INT(Fuelbeds_english!S85*2.54),O85) -> 17 | T85: 28766 | U85: Bursera simaruba | V85: 100 | W85: 1 | X85: 3 | Y85: 47.61 | Z85: =+IF(Y85>0,FIXED(Fuelbeds_english!Z85*0.3048,1,0),Y85) -> 2.1 | AA85: 85 | AB85: 28862 | AC85: Zanthoxylum fagara | AD85: 100 | AE85: 16 | AF85: =+IF(AE85>0,FIXED(Fuelbeds_english!AF85*0.3048,1,0),AE85) -> 0.3 | AG85: 85 | AH85: =+IF(AE85>0,FIXED(Fuelbeds_english!AH85*2.242,1,0),AE85) -> 0.2 | AI85: 40450 | AJ85: Andropogon spp. | AK85: 100 | AL85: 5.9914286 | AM85: =+IF(AL85>0,FIXED(Fuelbeds_english!AM85*2.54,1,0),AL85) -> 1.9 | AN85: =+IF($AM85>0,FIXED(Fuelbeds_english!AN85*2.242,1,0),$AM85) -> 0.2 | AO85: =+IF($AM85>0,FIXED(Fuelbeds_english!AO85*2.242,1,0),$AM85) -> 0.2 | AP85: =+IF($AM85>0,FIXED(Fuelbeds_english!AP85*2.242,1,0),$AM85) -> 0.6 | AQ85: =+IF($AM85>0,FIXED(Fuelbeds_english!AQ85*2.242,1,0),$AM85) -> 0.9 | AR85: 28766 | AS85: Bursera simaruba | AT85: 100 | AU85: -1 | AV85: =+IF(AU85>0,FIXED(Fuelbeds_english!AV85*2.54,1,0),AU85) -> -1 | AW85: -1 | AX85: -1 | AY85: =+IF(AX85>0,FIXED(Fuelbeds_english!AY85*2.54,1,0),AX85) -> -1 | AZ85: 1 | BA85: 23.3 | BB85: =+IF(BA85>0,FIXED(Fuelbeds_english!BB85*2.54,1,0),BA85) -> 2.5 | BC85: -1 | BD85: -1 | BE85: -1 | BF85: 100 | BG85: -1 | BH85: -1 | BI85: -1 | BJ85: 1 | BK85: 21.302857 | BL85: =+IF(BK85>0,FIXED(Fuelbeds_english!BL85*2.54,1,0),BK85) -> 3.2 | BM85: 3 | BN85: 21.302857 | BO85: =+IF(BN85>0,FIXED(Fuelbeds_english!BO85*2.54,1,0),BN85) -> 3.2
A86: 85 | B86: 3061b | C86: 923061 | D86: 3 - Trop/Sub. Coniferous Forest | E86: 61 - Broadleaf deciduous trees | F86: 54.5 | G86: 54.5 | H86: =+IF(F86>0,INT(Fuelbeds_english!H86*2.471),F86) -> 92 | I86: =+IF(F86>0,INT(Fuelbeds_english!I86*0.3048),F86) -> 22 | J86: =+IF(F86>0,INT(Fuelbeds_english!J86*0.3048),F86) -> 16 | K86: =+IF(F86>0,INT(Fuelbeds_english!K86*2.54),F86) -> 35 | L86: 28766 | M86: Bursera simaruba | N86: 100 | O86: 32.7 | P86: =+IF(O86>0,INT(Fuelbeds_english!P86*2.471),O86) -> 180 | Q86: =+IF(O86>0,INT(Fuelbeds_english!Q86*0.3048),O86) -> 13 | R86: =+IF(O86>0,INT(Fuelbeds_english!R86*0.3048),O86) -> 6 | S86: =+IF(O86>0,INT(Fuelbeds_english!S86*2.54),O86) -> 20 | T86: 28766 | U86: Bursera simaruba | V86: 100 | W86: 1 | X86: 3 | Y86: 34.125 | Z86: =+IF(Y86>0,FIXED(Fuelbeds_english!Z86*0.3048,1,0),Y86) -> 2.1 | AA86: 85 | AB86: 28862 | AC86: Zanthoxylum fagara | AD86: 100 | AE86: 11 | AF86: =+IF(AE86>0,FIXED(Fuelbeds_english!AF86*0.3048,1,0),AE86) -> 0.3 | AG86: 85 | AH86: =+IF(AE86>0,FIXED(Fuelbeds_english!AH86*2.242,1,0),AE86) -> 0.1 | AI86: 40450 | AJ86: Andropogon spp. | AK86: 100 | AL86: 14.014286 | AM86: =+IF(AL86>0,FIXED(Fuelbeds_english!AM86*2.54,1,0),AL86) -> 1.9 | AN86: =+IF($AM86>0,FIXED(Fuelbeds_english!AN86*2.242,1,0),$AM86) -> 0.4 | AO86: =+IF($AM86>0,FIXED(Fuelbeds_english!AO86*2.242,1,0),$AM86) -> 0.5 | AP86: =+IF($AM86>0,FIXED(Fuelbeds_english!AP86*2.242,1,0),$AM86) -> 1.4 | AQ86: =+IF($AM86>0,FIXED(Fuelbeds_english!AQ86*2.242,1,0),$AM86) -> 2.1 | AR86: 28766 | AS86: Bursera simaruba | AT86: 100 | AU86: -1 | AV86: =+IF(AU86>0,FIXED(Fuelbeds_english!AV86*2.54,1,0),AU86) -> -1 | AW86: -1 | AX86: -1 | AY86: =+IF(AX86>0,FIXED(Fuelbeds_english!AY86*2.54,1,0),AX86) -> -1 | AZ86: 1 | BA86: 54.5 | BB86: =+IF(BA86>0,FIXED(Fuelbeds_english!BB86*2.54,1,0),BA86) -> 2.5 | BC86: -1 | BD86: -1 | BE86: -1 | BF86: 100 | BG86: -1 | BH86: -1 | BI86: -1 | BJ86: 1 | BK86: 49.828571 | BL86: =+IF(BK86>0,FIXED(Fuelbeds_english!BL86*2.54,1,0),BK86) -> 3.2 | BM86: 3 | BN86: 49.828571 | BO86: =+IF(BN86>0,FIXED(Fuelbeds_english!BO86*2.54,1,0),BN86) -> 3.2
A87: 86 | B87: 3091a | C87: 913091 | D87: 3 - Trop/Sub. Coniferous Forest | E87: 91 - Needleleaf evergreen trees | F87: 26.5 | G87: 16.711712 | H87: =+IF(F87>0,INT(Fuelbeds_english!H87*2.471),F87) -> 59 | I87: =+IF(F87>0,INT(Fuelbeds_english!I87*0.3048),F87) -> 23 | J87: =+IF(F87>0,INT(Fuelbeds_english!J87*0.3048),F87) -> 16 | K87: =+IF(F87>0,INT(Fuelbeds_english!K87*2.54),F87) -> 35 | L87: 18035 | M87: Pinus spp. | N87: 100 | O87: 26.5 | P87: =+IF(O87>0,INT(Fuelbeds_english!P87*2.471),O87) -> 120 | Q87: =+IF(O87>0,INT(Fuelbeds_english!Q87*0.3048),O87) -> 15 | R87: =+IF(O87>0,INT(Fuelbeds_english!R87*0.3048),O87) -> 7 | S87: =+IF(O87>0,INT(Fuelbeds_english!S87*2.54),O87) -> 17 | T87: 18035 | U87: Pinus spp. | V87: 100 | W87: -1 | X87: -1 | Y87: 7.8 | Z87: =+IF(Y87>0,FIXED(Fuelbeds_english!Z87*0.3048,1,0),Y87) -> 0.8 | AA87: 85 | AB87: 18148 | AC87: Persea spp. | AD87: 100 | AE87: 52 | AF87: =+IF(AE87>0,FIXED(Fuelbeds_english!AF87*0.3048,1,0),AE87) -> 0.3 | AG87: 70 | AH87: =+IF(AE87>0,FIXED(Fuelbeds_english!AH87*2.242,1,0),AE87) -> 1.2 | AI87: 40792 | AJ87: Festuca spp. | AK87: 100 | AL87: 18 | AM87: =+IF(AL87>0,FIXED(Fuelbeds_english!AM87*2.54,1,0),AL87) -> 7.4 | AN87: =+IF($AM87>0,FIXED(Fuelbeds_english!AN87*2.242,1,0),$AM87) -> 0.1 | AO87: =+IF($AM87>0,FIXED(Fuelbeds_english!AO87*2.242,1,0),$AM87) -> 0.9 | AP87: =+IF($AM87>0,FIXED(Fuelbeds_english!AP87*2.242,1,0),$AM87) -> 1.3 | AQ87: =+IF($AM87>0,FIXED(Fuelbeds_english!AQ87*2.242,1,0),$AM87) -> 3.0 | AR87: 18035 | AS87: Pinus spp. | AT87: 100 | AU87: -1 | AV87: =+IF(AU87>0,FIXED(Fuelbeds_english!AV87*2.54,1,0),AU87) -> -1 | AW87: -1 | AX87: -1 | AY87: =+IF(AX87>0,FIXED(Fuelbeds_english!AY87*2.54,1,0),AX87) -> -1 | AZ87: 1 | BA87: 32.6 | BB87: =+IF(BA87>0,FIXED(Fuelbeds_english!BB87*2.54,1,0),BA87) -> 5.6 | BC87: 100 | BD87: -1 | BE87: -1 | BF87: -1 | BG87: -1 | BH87: -1 | BI87: -1 | BJ87: 1 | BK87: 32.6 | BL87: =+IF(BK87>0,FIXED(Fuelbeds_english!BL87*2.54,1,0),BK87) -> 2.5 | BM87: 3 | BN87: 32.6 | BO87: =+IF(BN87>0,FIXED(Fuelbeds_english!BO87*2.54,1,0),BN87) -> 2.5
A88: 87 | B88: 3091b | C88: 923091 | D88: 3 - Trop/Sub. Coniferous Forest | E88: 91 - Needleleaf evergreen trees | F88: 52.7 | G88: 33.234234 | H88: =+IF(F88>0,INT(Fuelbeds_english!H88*2.471),F88) -> 117 | I88: =+IF(F88>0,INT(Fuelbeds_english!I88*0.3048),F88) -> 28 | J88: =+IF(F88>0,INT(Fuelbeds_english!J88*0.3048),F88) -> 19 | K88: =+IF(F88>0,INT(Fuelbeds_english!K88*2.54),F88) -> 42 | L88: 18035 | M88: Pinus spp. | N88: 100 | O88: 52.7 | P88: =+IF(O88>0,INT(Fuelbeds_english!P88*2.471),O88) -> 240 | Q88: =+IF(O88>0,INT(Fuelbeds_english!Q88*0.3048),O88) -> 18 | R88: =+IF(O88>0,INT(Fuelbeds_english!R88*0.3048),O88) -> 9 | S88: =+IF(O88>0,INT(Fuelbeds_english!S88*2.54),O88) -> 21 | T88: 18035 | U88: Pinus spp. | V88: 100 | W88: -1 | X88: -1 | Y88: 7.8 | Z88: =+IF(Y88>0,FIXED(Fuelbeds_english!Z88*0.3048,1,0),Y88) -> 0.8 | AA88: 85 | AB88: 18148 | AC88: Persea spp. | AD88: 100 | AE88: 41 | AF88: =+IF(AE88>0,FIXED(Fuelbeds_english!AF88*0.3048,1,0),AE88) -> 0.3 | AG88: 70 | AH88: =+IF(AE88>0,FIXED(Fuelbeds_english!AH88*2.242,1,0),AE88) -> 1.0 | AI88: 40792 | AJ88: Festuca spp. | AK88: 100 | AL88: 37 | AM88: =+IF(AL88>0,FIXED(Fuelbeds_english!AM88*2.54,1,0),AL88) -> 7.4 | AN88: =+IF($AM88>0,FIXED(Fuelbeds_english!AN88*2.242,1,0),$AM88) -> 0.2 | AO88: =+IF($AM88>0,FIXED(Fuelbeds_english!AO88*2.242,1,0),$AM88) -> 1.8 | AP88: =+IF($AM88>0,FIXED(Fuelbeds_english!AP88*2.242,1,0),$AM88) -> 2.6 | AQ88: =+IF($AM88>0,FIXED(Fuelbeds_english!AQ88*2.242,1,0),$AM88) -> 5.9 | AR88: 18035 | AS88: Pinus spp. | AT88: 100 | AU88: -1 | AV88: =+IF(AU88>0,FIXED(Fuelbeds_english!AV88*2.54,1,0),AU88) -> -1 | AW88: -1 | AX88: -1 | AY88: =+IF(AX88>0,FIXED(Fuelbeds_english!AY88*2.54,1,0),AX88) -> -1 | AZ88: 1 | BA88: 64.9 | BB88: =+IF(BA88>0,FIXED(Fuelbeds_english!BB88*2.54,1,0),BA88) -> 5.6 | BC88: 100 | BD88: -1 | BE88: -1 | BF88: -1 | BG88: -1 | BH88: -1 | BI88: -1 | BJ88: 1 | BK88: 64.8 | BL88: =+IF(BK88>0,FIXED(Fuelbeds_english!BL88*2.54,1,0),BK88) -> 2.5 | BM88: 3 | BN88: 64.8 | BO88: =+IF(BN88>0,FIXED(Fuelbeds_english!BO88*2.54,1,0),BN88) -> 2.5
A89: 88 | B89: 3110 | C89: 3110 | D89: 3 - Trop/Sub. Coniferous Forest | E89: 110 - Mosaic trees-shrubs/grasses | F89: 21.11 | G89: 16.809536 | H89: =+IF(F89>0,INT(Fuelbeds_english!H89*2.471),F89) -> 41 | I89: =+IF(F89>0,INT(Fuelbeds_english!I89*0.3048),F89) -> 17 | J89: =+IF(F89>0,INT(Fuelbeds_english!J89*0.3048),F89) -> 12 | K89: =+IF(F89>0,INT(Fuelbeds_english!K89*2.54),F89) -> 26 | L89: 28766/18035 | M89: Bursera simaruba/Pinus spp. | N89: 50/50 | O89: 11.866328 | P89: =+IF(O89>0,INT(Fuelbeds_english!P89*2.471),O89) -> 83 | Q89: =+IF(O89>0,INT(Fuelbeds_english!Q89*0.3048),O89) -> 10 | R89: =+IF(O89>0,INT(Fuelbeds_english!R89*0.3048),O89) -> 5 | S89: =+IF(O89>0,INT(Fuelbeds_english!S89*2.54),O89) -> 14 | T89: 28766/18035 | U89: Bursera simaruba/Pinus spp. | V89: 50/50 | W89: -1 | X89: -1 | Y89: 35.74 | Z89: =+IF(Y89>0,FIXED(Fuelbeds_english!Z89*0.3048,1,0),Y89) -> 2.1 | AA89: 85 | AB89: 28675 | AC89: Dodonaea viscosa | AD89: 100 | AE89: 30 | AF89: =+IF(AE89>0,FIXED(Fuelbeds_english!AF89*0.3048,1,0),AE89) -> 0.5 | AG89: 80 | AH89: =+IF(AE89>0,FIXED(Fuelbeds_english!AH89*2.242,1,0),AE89) -> 3.4 | AI89: 40450 | AJ89: Andropogon spp. | AK89: 100 | AL89: 10.046192 | AM89: =+IF(AL89>0,FIXED(Fuelbeds_english!AM89*2.54,1,0),AL89) -> 4.2 | AN89: =+IF($AM89>0,FIXED(Fuelbeds_english!AN89*2.242,1,0),$AM89) -> 0.1 | AO89: =+IF($AM89>0,FIXED(Fuelbeds_english!AO89*2.242,1,0),$AM89) -> 0.5 | AP89: =+IF($AM89>0,FIXED(Fuelbeds_english!AP89*2.242,1,0),$AM89) -> 0.8 | AQ89: =+IF($AM89>0,FIXED(Fuelbeds_english!AQ89*2.242,1,0),$AM89) -> 1.6 | AR89: 28766/18035 | AS89: Bursera simaruba/Pinus spp. | AT89: 50/50 | AU89: -1 | AV89: =+IF(AU89>0,FIXED(Fuelbeds_english!AV89*2.54,1,0),AU89) -> -1 | AW89: -1 | AX89: -1 | AY89: =+IF(AX89>0,FIXED(Fuelbeds_english!AY89*2.54,1,0),AX89) -> -1 | AZ89: 1 | BA89: 23.554709 | BB89: =+IF(BA89>0,FIXED(Fuelbeds_english!BB89*2.54,1,0),BA89) -> 1.3 | BC89: 50 | BD89: -1 | BE89: -1 | BF89: 50 | BG89: -1 | BH89: -1 | BI89: -1 | BJ89: 1 | BK89: 22.634762 | BL89: =+IF(BK89>0,FIXED(Fuelbeds_english!BL89*2.54,1,0),BK89) -> 2.8 | BM89: 3 | BN89: 22.634762 | BO89: =+IF(BN89>0,FIXED(Fuelbeds_english!BO89*2.54,1,0),BN89) -> 2.8
A90: 89 | B90: 3120 | C90: 3120 | D90: 3 - Trop/Sub. Coniferous Forest | E90: 120 - Mosaic grasses/trees-shrubs | F90: 10.63 | G90: 8.4644892 | H90: =+IF(F90>0,INT(Fuelbeds_english!H90*2.471),F90) -> 20 | I90: =+IF(F90>0,INT(Fuelbeds_english!I90*0.3048),F90) -> 12 | J90: =+IF(F90>0,INT(Fuelbeds_english!J90*0.3048),F90) -> 8 | K90: =+IF(F90>0,INT(Fuelbeds_english!K90*2.54),F90) -> 18 | L90: 28766/18035 | M90: Bursera simaruba/Pinus spp. | N90: 50/50 | O90: 5.9753231 | P90: =+IF(O90>0,INT(Fuelbeds_english!P90*2.471),O90) -> 41 | Q90: =+IF(O90>0,INT(Fuelbeds_english!Q90*0.3048),O90) -> 7 | R90: =+IF(O90>0,INT(Fuelbeds_english!R90*0.3048),O90) -> 3 | S90: =+IF(O90>0,INT(Fuelbeds_english!S90*2.54),O90) -> 10 | T90: 28766/18035 | U90: Bursera simaruba/Pinus spp. | V90: 50/50 | W90: -1 | X90: -1 | Y90: 11.03 | Z90: =+IF(Y90>0,FIXED(Fuelbeds_english!Z90*0.3048,1,0),Y90) -> 2.1 | AA90: 85 | AB90: 28675 | AC90: Dodonaea viscosa | AD90: 100 | AE90: 60 | AF90: =+IF(AE90>0,FIXED(Fuelbeds_english!AF90*0.3048,1,0),AE90) -> 0.5 | AG90: 80 | AH90: =+IF(AE90>0,FIXED(Fuelbeds_english!AH90*2.242,1,0),AE90) -> 6.9 | AI90: 40450 | AJ90: Andropogon spp. | AK90: 100 | AL90: 5.0587881 | AM90: =+IF(AL90>0,FIXED(Fuelbeds_english!AM90*2.54,1,0),AL90) -> 2.1 | AN90: =+IF($AM90>0,FIXED(Fuelbeds_english!AN90*2.242,1,0),$AM90) -> 0.1 | AO90: =+IF($AM90>0,FIXED(Fuelbeds_english!AO90*2.242,1,0),$AM90) -> 0.2 | AP90: =+IF($AM90>0,FIXED(Fuelbeds_english!AP90*2.242,1,0),$AM90) -> 0.4 | AQ90: =+IF($AM90>0,FIXED(Fuelbeds_english!AQ90*2.242,1,0),$AM90) -> 0.8 | AR90: 28766/18035 | AS90: Bursera simaruba/Pinus spp. | AT90: 50/50 | AU90: -1 | AV90: =+IF(AU90>0,FIXED(Fuelbeds_english!AV90*2.54,1,0),AU90) -> -1 | AW90: -1 | AX90: -1 | AY90: =+IF(AX90>0,FIXED(Fuelbeds_english!AY90*2.54,1,0),AX90) -> -1 | AZ90: 1 | BA90: 11.86104 | BB90: =+IF(BA90>0,FIXED(Fuelbeds_english!BB90*2.54,1,0),BA90) -> 1.3 | BC90: 50 | BD90: -1 | BE90: -1 | BF90: 50 | BG90: -1 | BH90: -1 | BI90: -1 | BJ90: 1 | BK90: 11.397798 | BL90: =+IF(BK90>0,FIXED(Fuelbeds_english!BL90*2.54,1,0),BK90) -> 2.8 | BM90: 3 | BN90: 11.397798 | BO90: =+IF(BN90>0,FIXED(Fuelbeds_english!BO90*2.54,1,0),BN90) -> 2.8
A91: 90 | B91: 3130 | C91: 3130 | D91: 3 - Trop/Sub. Coniferous Forest | E91: 130 - Shrubs | F91: -3 | G91: -3 | H91: =+IF(F91>0,INT(Fuelbeds_english!H91*2.471),F91) -> -3 | I91: =+IF(F91>0,INT(Fuelbeds_english!I91*0.3048),F91) -> -3 | J91: =+IF(F91>0,INT(Fuelbeds_english!J91*0.3048),F91) -> -3 | K91: =+IF(F91>0,INT(Fuelbeds_english!K91*2.54),F91) -> -3 | L91: -3 | M91: -3 | N91: -3 | O91: -3 | P91: =+IF(O91>0,INT(Fuelbeds_english!P91*2.471),O91) -> -3 | Q91: =+IF(O91>0,INT(Fuelbeds_english!Q91*0.3048),O91) -> -3 | R91: =+IF(O91>0,INT(Fuelbeds_english!R91*0.3048),O91) -> -3 | S91: =+IF(O91>0,INT(Fuelbeds_english!S91*2.54),O91) -> -3 | T91: -3 | U91: -3 | V91: -3 | W91: -3 | X91: -3 | Y91: 52 | Z91: =+IF(Y91>0,FIXED(Fuelbeds_english!Z91*0.3048,1,0),Y91) -> 1.5 | AA91: 85 | AB91: 28675 | AC91: Dodonaea viscosa | AD91: 100 | AE91: 36 | AF91: =+IF(AE91>0,FIXED(Fuelbeds_english!AF91*0.3048,1,0),AE91) -> 0.4 | AG91: 85 | AH91: =+IF(AE91>0,FIXED(Fuelbeds_english!AH91*2.242,1,0),AE91) -> 7.4 | AI91: 40450 | AJ91: Andropogon spp. | AK91: 100 | AL91: 29.856459 | AM91: =+IF(AL91>0,FIXED(Fuelbeds_english!AM91*2.54,1,0),AL91) -> 1.6 | AN91: =+IF($AM91>0,FIXED(Fuelbeds_english!AN91*2.242,1,0),$AM91) -> 1.5 | AO91: =+IF($AM91>0,FIXED(Fuelbeds_english!AO91*2.242,1,0),$AM91) -> 3.1 | AP91: =+IF($AM91>0,FIXED(Fuelbeds_english!AP91*2.242,1,0),$AM91) -> 0.8 | AQ91: =+IF($AM91>0,FIXED(Fuelbeds_english!AQ91*2.242,1,0),$AM91) -> 0.0 | AR91: 28675 | AS91: Dodonaea viscosa | AT91: 100 | AU91: -1 | AV91: =+IF(AU91>0,FIXED(Fuelbeds_english!AV91*2.54,1,0),AU91) -> -1 | AW91: -1 | AX91: -1 | AY91: =+IF(AX91>0,FIXED(Fuelbeds_english!AY91*2.54,1,0),AX91) -> -1 | AZ91: 1 | BA91: 70 | BB91: =+IF(BA91>0,FIXED(Fuelbeds_english!BB91*2.54,1,0),BA91) -> 3.3 | BC91: -1 | BD91: -1 | BE91: -1 | BF91: -1 | BG91: 70 | BH91: -1 | BI91: 30 | BJ91: -1 | BK91: -1 | BL91: =+IF(BK91>0,FIXED(Fuelbeds_english!BL91*2.54,1,0),BK91) -> -1 | BM91: -1 | BN91: -1 | BO91: =+IF(BN91>0,FIXED(Fuelbeds_english!BO91*2.54,1,0),BN91) -> -1
A92: 91 | B92: 3140 | C92: 3140 | D92: 3 - Trop/Sub. Coniferous Forest | E92: 140 - Grasses | F92: -3 | G92: -3 | H92: =+IF(F92>0,INT(Fuelbeds_english!H92*2.471),F92) -> -3 | I92: =+IF(F92>0,INT(Fuelbeds_english!I92*0.3048),F92) -> -3 | J92: =+IF(F92>0,INT(Fuelbeds_english!J92*0.3048),F92) -> -3 | K92: =+IF(F92>0,INT(Fuelbeds_english!K92*2.54),F92) -> -3 | L92: -3 | M92: -3 | N92: -3 | O92: -3 | P92: =+IF(O92>0,INT(Fuelbeds_english!P92*2.471),O92) -> -3 | Q92: =+IF(O92>0,INT(Fuelbeds_english!Q92*0.3048),O92) -> -3 | R92: =+IF(O92>0,INT(Fuelbeds_english!R92*0.3048),O92) -> -3 | S92: =+IF(O92>0,INT(Fuelbeds_english!S92*2.54),O92) -> -3 | T92: -3 | U92: -3 | V92: -3 | W92: -3 | X92: -3 | Y92: -3 | Z92: =+IF(Y92>0,FIXED(Fuelbeds_english!Z92*0.3048,1,0),Y92) -> -3 | AA92: -3 | AB92: -3 | AC92: -3 | AD92: -3 | AE92: 67 | AF92: =+IF(AE92>0,FIXED(Fuelbeds_english!AF92*0.3048,1,0),AE92) -> 0.5 | AG92: 80 | AH92: =+IF(AE92>0,FIXED(Fuelbeds_english!AH92*2.242,1,0),AE92) -> 8.9 | AI92: 40450 | AJ92: Andropogon spp. | AK92: 100 | AL92: -3 | AM92: =+IF(AL92>0,FIXED(Fuelbeds_english!AM92*2.54,1,0),AL92) -> -3 | AN92: =+IF(AM92>0,FIXED(Fuelbeds_english!AN92*0.3048,1,0),AM92) -> -3 | AO92: =+IF(AN92>0,FIXED(Fuelbeds_english!AO92*0.3048,1,0),AN92) -> -3 | AP92: =+IF(AO92>0,FIXED(Fuelbeds_english!AP92*0.3048,1,0),AO92) -> -3 | AQ92: =+IF(AP92>0,FIXED(Fuelbeds_english!AQ92*0.3048,1,0),AP92) -> -3 | AR92: -3 | AS92: -3 | AT92: -3 | AU92: -1 | AV92: =+IF(AU92>0,FIXED(Fuelbeds_english!AV92*2.54,1,0),AU92) -> -1 | AW92: -1 | AX92: -1 | AY92: =+IF(AX92>0,FIXED(Fuelbeds_english!AY92*2.54,1,0),AX92) -> -1 | AZ92: 1 | BA92: 49.060288 | BB92: =+IF(BA92>0,FIXED(Fuelbeds_english!BB92*2.54,1,0),BA92) -> 3.0 | BC92: -1 | BD92: -1 | BE92: -1 | BF92: -1 | BG92: -1 | BH92: -1 | BI92: 100 | BJ92: -1 | BK92: -1 | BL92: =+IF(BK92>0,FIXED(Fuelbeds_english!BL92*2.54,1,0),BK92) -> -1 | BM92: -1 | BN92: -1 | BO92: =+IF(BN92>0,FIXED(Fuelbeds_english!BO92*2.54,1,0),BN92) -> -1
A93: 92 | B93: 4010 | C93: 4010 | D93: 4 - Temp. Broadleaf and Mixed Forest | E93: 10 - Crops: wheat, barley, sorgum | F93: -3 | G93: -3 | H93: =+IF(F93>0,INT(Fuelbeds_english!H93*2.471),F93) -> -3 | I93: =+IF(F93>0,INT(Fuelbeds_english!I93*0.3048),F93) -> -3 | J93: =+IF(F93>0,INT(Fuelbeds_english!J93*0.3048),F93) -> -3 | K93: =+IF(F93>0,INT(Fuelbeds_english!K93*2.54),F93) -> -3 | L93: -3 | M93: -3 | N93: -3 | O93: -3 | P93: =+IF(O93>0,INT(Fuelbeds_english!P93*2.471),O93) -> -3 | Q93: =+IF(O93>0,INT(Fuelbeds_english!Q93*0.3048),O93) -> -3 | R93: =+IF(O93>0,INT(Fuelbeds_english!R93*0.3048),O93) -> -3 | S93: =+IF(O93>0,INT(Fuelbeds_english!S93*2.54),O93) -> -3 | T93: -3 | U93: -3 | V93: -3 | W93: -3 | X93: -3 | Y93: -3 | Z93: =+IF(Y93>0,FIXED(Fuelbeds_english!Z93*0.3048,1,0),Y93) -> -3 | AA93: -3 | AB93: -3 | AC93: -3 | AD93: -3 | AE93: 100 | AF93: =+IF(AE93>0,FIXED(Fuelbeds_english!AF93*0.3048,1,0),AE93) -> 0.2 | AG93: 0 | AH93: =+IF(AE93>0,FIXED(Fuelbeds_english!AH93*2.242,1,0),AE93) -> 0.4 | AI93: 42236 | AJ93: Triticum spp. | AK93: 100 | AL93: -3 | AM93: =+IF(AL93>0,FIXED(Fuelbeds_english!AM93*2.54,1,0),AL93) -> -3 | AN93: =+IF(AM93>0,FIXED(Fuelbeds_english!AN93*0.3048,1,0),AM93) -> -3 | AO93: =+IF(AN93>0,FIXED(Fuelbeds_english!AO93*0.3048,1,0),AN93) -> -3 | AP93: =+IF(AO93>0,FIXED(Fuelbeds_english!AP93*0.3048,1,0),AO93) -> -3 | AQ93: =+IF(AP93>0,FIXED(Fuelbeds_english!AQ93*0.3048,1,0),AP93) -> -3 | AR93: -3 | AS93: -3 | AT93: -3 | AU93: -1 | AV93: =+IF(AU93>0,FIXED(Fuelbeds_english!AV93*2.54,1,0),AU93) -> -1 | AW93: -1 | AX93: -1 | AY93: =+IF(AX93>0,FIXED(Fuelbeds_english!AY93*2.54,1,0),AX93) -> -1 | AZ93: 2 | BA93: 65 | BB93: =+IF(BA93>0,FIXED(Fuelbeds_english!BB93*2.54,1,0),BA93) -> 1.3 | BC93: -1 | BD93: -1 | BE93: -1 | BF93: -1 | BG93: -1 | BH93: -1 | BI93: 100 | BJ93: -1 | BK93: -1 | BL93: =+IF(BK93>0,FIXED(Fuelbeds_english!BL93*2.54,1,0),BK93) -> -1 | BM93: -1 | BN93: -1 | BO93: =+IF(BN93>0,FIXED(Fuelbeds_english!BO93*2.54,1,0),BN93) -> -1
A94: 93 | B94: 4011 | C94: 4011 | D94: 4 - Temp. Broadleaf and Mixed Forest | E94: 11 - Crops: rice | F94: -3 | G94: -3 | H94: =+IF(F94>0,INT(Fuelbeds_english!H94*2.471),F94) -> -3 | I94: =+IF(F94>0,INT(Fuelbeds_english!I94*0.3048),F94) -> -3 | J94: =+IF(F94>0,INT(Fuelbeds_english!J94*0.3048),F94) -> -3 | K94: =+IF(F94>0,INT(Fuelbeds_english!K94*2.54),F94) -> -3 | L94: -3 | M94: -3 | N94: -3 | O94: -3 | P94: =+IF(O94>0,INT(Fuelbeds_english!P94*2.471),O94) -> -3 | Q94: =+IF(O94>0,INT(Fuelbeds_english!Q94*0.3048),O94) -> -3 | R94: =+IF(O94>0,INT(Fuelbeds_english!R94*0.3048),O94) -> -3 | S94: =+IF(O94>0,INT(Fuelbeds_english!S94*2.54),O94) -> -3 | T94: -3 | U94: -3 | V94: -3 | W94: -3 | X94: -3 | Y94: -3 | Z94: =+IF(Y94>0,FIXED(Fuelbeds_english!Z94*0.3048,1,0),Y94) -> -3 | AA94: -3 | AB94: -3 | AC94: -3 | AD94: -3 | AE94: 100 | AF94: =+IF(AE94>0,FIXED(Fuelbeds_english!AF94*0.3048,1,0),AE94) -> 0.2 | AG94: 0 | AH94: =+IF(AE94>0,FIXED(Fuelbeds_english!AH94*2.242,1,0),AE94) -> 2.9 | AI94: 41976 | AJ94: Oryza sativa | AK94: 100 | AL94: -3 | AM94: =+IF(AL94>0,FIXED(Fuelbeds_english!AM94*2.54,1,0),AL94) -> -3 | AN94: =+IF(AM94>0,FIXED(Fuelbeds_english!AN94*0.3048,1,0),AM94) -> -3 | AO94: =+IF(AN94>0,FIXED(Fuelbeds_english!AO94*0.3048,1,0),AN94) -> -3 | AP94: =+IF(AO94>0,FIXED(Fuelbeds_english!AP94*0.3048,1,0),AO94) -> -3 | AQ94: =+IF(AP94>0,FIXED(Fuelbeds_english!AQ94*0.3048,1,0),AP94) -> -3 | AR94: -3 | AS94: -3 | AT94: -3 | AU94: -1 | AV94: =+IF(AU94>0,FIXED(Fuelbeds_english!AV94*2.54,1,0),AU94) -> -1 | AW94: -1 | AX94: -1 | AY94: =+IF(AX94>0,FIXED(Fuelbeds_english!AY94*2.54,1,0),AX94) -> -1 | AZ94: 2 | BA94: 65 | BB94: =+IF(BA94>0,FIXED(Fuelbeds_english!BB94*2.54,1,0),BA94) -> 1.3 | BC94: -1 | BD94: -1 | BE94: -1 | BF94: -1 | BG94: -1 | BH94: -1 | BI94: 100 | BJ94: -1 | BK94: -1 | BL94: =+IF(BK94>0,FIXED(Fuelbeds_english!BL94*2.54,1,0),BK94) -> -1 | BM94: -1 | BN94: -1 | BO94: =+IF(BN94>0,FIXED(Fuelbeds_english!BO94*2.54,1,0),BN94) -> -1
A95: 94 | B95: 4012 | C95: 4012 | D95: 4 - Temp. Broadleaf and Mixed Forest | E95: 12 - Crops: maize | F95: -3 | G95: -3 | H95: =+IF(F95>0,INT(Fuelbeds_english!H95*2.471),F95) -> -3 | I95: =+IF(F95>0,INT(Fuelbeds_english!I95*0.3048),F95) -> -3 | J95: =+IF(F95>0,INT(Fuelbeds_english!J95*0.3048),F95) -> -3 | K95: =+IF(F95>0,INT(Fuelbeds_english!K95*2.54),F95) -> -3 | L95: -3 | M95: -3 | N95: -3 | O95: -3 | P95: =+IF(O95>0,INT(Fuelbeds_english!P95*2.471),O95) -> -3 | Q95: =+IF(O95>0,INT(Fuelbeds_english!Q95*0.3048),O95) -> -3 | R95: =+IF(O95>0,INT(Fuelbeds_english!R95*0.3048),O95) -> -3 | S95: =+IF(O95>0,INT(Fuelbeds_english!S95*2.54),O95) -> -3 | T95: -3 | U95: -3 | V95: -3 | W95: -3 | X95: -3 | Y95: -3 | Z95: =+IF(Y95>0,FIXED(Fuelbeds_english!Z95*0.3048,1,0),Y95) -> -3 | AA95: -3 | AB95: -3 | AC95: -3 | AD95: -3 | AE95: 100 | AF95: =+IF(AE95>0,FIXED(Fuelbeds_english!AF95*0.3048,1,0),AE95) -> 0.2 | AG95: 0 | AH95: =+IF(AE95>0,FIXED(Fuelbeds_english!AH95*2.242,1,0),AE95) -> 1.1 | AI95: 42269 | AJ95: Zea mays | AK95: 100 | AL95: -3 | AM95: =+IF(AL95>0,FIXED(Fuelbeds_english!AM95*2.54,1,0),AL95) -> -3 | AN95: =+IF(AM95>0,FIXED(Fuelbeds_english!AN95*0.3048,1,0),AM95) -> -3 | AO95: =+IF(AN95>0,FIXED(Fuelbeds_english!AO95*0.3048,1,0),AN95) -> -3 | AP95: =+IF(AO95>0,FIXED(Fuelbeds_english!AP95*0.3048,1,0),AO95) -> -3 | AQ95: =+IF(AP95>0,FIXED(Fuelbeds_english!AQ95*0.3048,1,0),AP95) -> -3 | AR95: -3 | AS95: -3 | AT95: -3 | AU95: -1 | AV95: =+IF(AU95>0,FIXED(Fuelbeds_english!AV95*2.54,1,0),AU95) -> -1 | AW95: -1 | AX95: -1 | AY95: =+IF(AX95>0,FIXED(Fuelbeds_english!AY95*2.54,1,0),AX95) -> -1 | AZ95: 2 | BA95: 65 | BB95: =+IF(BA95>0,FIXED(Fuelbeds_english!BB95*2.54,1,0),BA95) -> 1.3 | BC95: -1 | BD95: -1 | BE95: -1 | BF95: -1 | BG95: -1 | BH95: -1 | BI95: 100 | BJ95: -1 | BK95: -1 | BL95: =+IF(BK95>0,FIXED(Fuelbeds_english!BL95*2.54,1,0),BK95) -> -1 | BM95: -1 | BN95: -1 | BO95: =+IF(BN95>0,FIXED(Fuelbeds_english!BO95*2.54,1,0),BN95) -> -1
